1,Kopernika,140,177,34-482,4,2
2,Plac Franciszkañski,239,68,68-163,9,29
3,Plac Niepodleg³oœci,198,157,47-068,1,28
4,Spokojna,289,87,92-001,11,23
5,£¹kowa,78,88,19-227,7,25
6,Plac Grunwaldzki,192,24,98-584,11,5
7,Pocztowa,125,110,75-798,10,50
8,Szpitalna,192,73,87-532,10,9
9,Parkowa,51,39,75-022,12,22
10,Sienkiewicza,237,169,93-804,2,32
11,Lipowa,111,138,53-145,15,37
12,Sk³odowskiej-Curie,37,6,31-542,5,38
13,Pocztowa,226,189,51-939,6,26
14,Plac Targowy,375,162,99-915,5,9
15,Lipowa,384,167,48-408,2,19
16,Plac Koœciuszki,187,8,82-321,6,43
17,Plac Wolnoœci,120,169,50-151,11,3
18,Leœna,67,104,44-982,1,17
19,Kopernika,70,17,12-277,12,46
20,Plac Zwyciêstwa,386,121,88-499,9,50
21,Plac Jana Kazimierza,38,9,24-196,4,29
22,Plac Inwalidów,267,111,52-845,3,8
23,Spokojna,363,8,12-484,10,26
24,Plac Katedralny,61,69,13-188,1,6
25,Plac Katedralny,177,127,24-654,16,50
26,Plac Stary Ratusz,398,140,79-863,15,28
27,Sienkiewicza,319,158,18-104,11,41
28,Radziwi³³owska,36,19,44-338,1,29
29,Wiejska,256,31,04-819,1,14
30,Plac Koœcieleckiego,203,16,46-601,12,40
31,Plac Franciszkañski,276,82,17-906,3,16
32,M³yñska,228,72,25-819,4,29
33,Marsza³kowska,210,146,21-807,13,1
34,Plac Jana Matejki,218,60,21-506,5,12
35,Plac Kolegiacki,64,47,93-800,11,13
36,Plac Jana Paw³a II,154,116,13-812,6,14
37,Plac Szewczyka,182,102,83-145,14,25
38,Plac Stary Ratusz,51,127,17-505,10,4
39,Skwerowa,63,198,44-925,15,10
40,£¹kowa,156,11,10-942,8,6
41,Zielona,241,155,05-786,3,28
42,Cicha,341,97,29-816,13,45
43,Plac Kolegiacki,334,63,68-199,15,1
44,Kopernika,224,29,66-264,16,15
45,Placowa,363,199,00-312,13,32
46,Plac Jana Kazimierza,65,180,50-299,6,14
47,Plac Koœcieleckiego,369,84,64-720,15,38
48,Kopernika,19,94,09-203,7,2
49,Wiejska,210,147,95-952,2,22
50,Plac Wolnoœci,188,158,88-887,16,26
51,Plac Inwalidów,142,71,34-643,7,13
52,Plac Franciszkañski,387,127,38-149,9,15
53,Reymonta,102,196,56-710,14,2
54,Plac Jana Matejki,160,176,06-324,9,18
55,Radziwi³³owska,288,55,45-257,3,33
56,Radziwi³³owska,5,99,39-899,8,34
57,Wiejska,251,172,68-269,13,22
58,Dêbowa,332,18,36-974,6,46
59,Jagodowa,85,111,75-833,3,10
60,Sienkiewicza,192,2,65-224,10,8
61,Lipowa,267,86,57-366,2,31
62,Zielona,31,61,71-166,12,11
63,Plac Jana Paw³a II,112,166,67-272,12,22
64,Pi³sudskiego,367,170,35-618,6,1
65,Radziwi³³owska,273,165,47-911,3,24
66,Zielona,113,159,22-254,8,29
67,Zielona,231,40,84-775,6,39
68,Pi³sudskiego,3,97,47-515,11,41
69,Spokojna,143,78,47-113,10,2
70,Plac Koœciuszki,58,35,56-567,8,40
71,Plac Grunwaldzki,6,19,57-742,12,31
72,Dworcowa,367,21,78-255,9,10
73,Pocztowa,104,145,93-693,6,33
74,Plac Jana Paw³a II,313,54,31-918,15,44
75,Pi³sudskiego,299,20,21-281,16,37
76,Plac Grunwaldzki,123,164,49-625,6,30
77,Plac Szewczyka,38,196,24-961,8,44
78,Plac Zwyciêstwa,254,171,82-892,5,23
79,Plac Szewczyka,24,152,16-228,4,39
80,Plac Kolegiacki,82,84,24-087,10,28
81,Szpitalna,6,40,01-921,6,2
82,Plac Bohaterów,208,135,39-158,5,21
83,M³yñska,132,11,48-802,1,14
84,Plac Niepodleg³oœci,356,132,13-405,3,33
85,Pi³sudskiego,135,42,52-232,11,23
86,Marsza³kowska,249,54,68-753,14,14
87,Placowa,186,100,06-574,4,27
88,Pocztowa,260,89,86-361,2,18
89,Reymonta,15,187,93-514,6,15
90,Plac Inwalidów,341,125,78-600,3,9
91,Koszykowa,312,142,94-858,12,28
92,Dêbowa,266,130,39-069,12,2
93,Plac Kiliñskiego,166,152,45-581,7,29
94,Parkowa,294,165,74-952,10,21
95,Plac Kiliñskiego,193,65,35-902,13,43
96,Marsza³kowska,194,44,74-416,10,12
97,Skwerowa,297,27,17-844,5,36
98,Plac Niepodleg³oœci,35,95,22-667,16,27
99,Jasna,44,135,10-762,1,2
100,Marsza³kowska,220,23,30-685,10,5
101,Plac Franciszkañski,296,136,65-685,10,31
102,Plac Jana Kazimierza,84,90,13-359,4,17
103,Jasna,35,136,46-755,2,46
104,Plac Sobieskiego,266,175,98-636,12,34
105,Plac Koœciuszki,185,129,01-893,5,29
106,Plac Bohaterów,279,31,39-528,7,41
107,Plac Jana Matejki,261,198,48-141,16,48
108,£¹kowa,197,4,24-291,5,50
109,Plac Jana Kazimierza,99,27,12-473,7,28
110,M³yñska,159,5,18-881,3,5
111,Plac Kolegiacki,244,193,80-365,1,15
112,Dworcowa,264,82,99-352,15,45
113,Plac Jana Matejki,195,62,51-624,6,30
114,Plac Jana Matejki,400,157,34-906,1,41
115,Wiejska,39,61,66-540,12,36
116,Jasna,35,122,69-053,7,35
117,Placowa,266,89,21-837,14,10
118,Plac Wolnoœci,292,112,97-353,1,22
119,Lipowa,297,31,35-069,13,18
120,Parkowa,26,7,25-362,14,11
121,Wiejska,236,116,66-119,11,18
122,Plac Grunwaldzki,9,107,67-050,6,2
123,M³yñska,248,36,11-334,5,13
124,Konopnickiej,84,50,18-398,9,17
125,Pi³sudskiego,163,140,76-276,16,4
126,Plac Jana Matejki,32,194,15-734,7,33
127,Placowa,72,26,17-418,7,34
128,Placowa,284,22,04-985,1,43
129,Plac Jana Paw³a II,395,35,91-175,3,4
130,Jagodowa,352,147,30-052,15,25
131,Sosnowa,94,108,51-332,12,15
132,Zielona,371,5,54-064,3,10
133,Marsza³kowska,100,181,68-583,14,50
134,Plac Sobieskiego,49,22,75-095,14,27
135,Plac Jana Kazimierza,85,58,57-174,15,24
136,Plac Koœciuszki,44,1,66-660,1,32
137,Lipowa,210,43,97-068,16,32
138,Cicha,17,36,22-972,6,16
139,Plac Wolnoœci,156,7,09-321,1,44
140,M³yñska,158,20,73-046,15,23
141,Spokojna,112,60,21-064,10,38
142,S³owackiego,211,140,30-959,14,28
143,Plac Zwyciêstwa,341,81,70-279,7,16
144,£¹kowa,102,177,37-428,7,39
145,Zielona,185,79,95-479,2,17
146,S³owackiego,187,95,77-937,3,10
147,Leœna,183,93,05-706,7,29
148,Pi³sudskiego,387,168,20-271,6,48
149,Plac Inwalidów,142,3,02-945,4,45
150,Kwiatowa,371,102,72-985,2,42
151,Reymonta,46,184,45-215,15,14
152,Cicha,152,69,92-840,12,11
153,Plac Kolegiacki,67,119,56-922,12,20
154,Plac Stary Ratusz,73,167,43-386,15,14
155,Plac Jana Matejki,326,159,50-302,14,14
156,Dêbowa,381,26,90-984,16,30
157,Sk³odowskiej-Curie,49,138,83-759,13,33
158,Placowa,270,28,76-740,2,6
159,Wiejska,52,49,82-256,9,50
160,Szpitalna,366,17,93-712,10,7
161,Cicha,165,181,18-825,13,29
162,Jasna,376,43,72-384,4,19
163,Koszykowa,157,127,27-125,7,5
164,Plac Targowy,106,3,44-542,7,41
165,Plac Katedralny,256,99,29-769,7,35
166,Plac Szewczyka,289,38,67-727,6,25
167,Plac Targowy,268,147,59-549,5,47
168,Plac Bohaterów,341,108,28-143,8,50
169,Plac Jana Kazimierza,390,72,65-971,7,20
170,Reymonta,55,61,14-519,10,45
171,Plac Jana Matejki,176,174,69-084,3,15
172,M³yñska,39,36,83-837,3,31
173,Pi³sudskiego,63,111,24-511,1,9
174,Plac Katedralny,362,80,43-167,8,44
175,Plac Grunwaldzki,75,175,05-386,5,22
176,Spokojna,347,39,91-577,1,17
177,Skwerowa,264,171,04-192,11,22
178,Lipowa,273,101,66-916,11,4
179,Plac Kiliñskiego,197,59,13-471,3,18
180,Cicha,49,22,43-674,14,48
181,M³yñska,259,95,03-652,14,6
182,Dworcowa,181,192,63-597,1,24
183,Konopnickiej,39,80,64-528,9,44
184,Mickiewicza,300,76,60-382,13,37
185,Jasna,211,141,37-415,9,41
186,Spokojna,52,150,55-324,15,15
187,Zielona,257,129,52-190,8,11
188,Plac Bohaterów,213,42,83-278,1,46
189,Sienkiewicza,65,59,92-189,15,10
190,M³yñska,383,97,38-994,11,16
191,Zielona,53,182,39-079,3,13
192,Plac Targowy,182,60,74-448,5,17
193,Plac Zwyciêstwa,57,169,06-884,4,44
194,Marsza³kowska,172,127,31-121,15,11
195,Radziwi³³owska,393,169,00-902,2,16
196,Leœna,128,129,88-720,5,1
197,Plac Niepodleg³oœci,286,29,66-012,3,7
198,Plac Jana Matejki,229,99,49-879,13,33
199,Plac Bohaterów,152,81,71-980,3,35
200,Sk³odowskiej-Curie,214,55,91-999,2,29
201,Sienkiewicza,18,119,10-889,11,24
202,Zielona,199,178,71-508,5,10
203,S³owackiego,257,139,83-888,4,3
204,Plac Franciszkañski,383,92,36-761,2,23
205,Plac Jana Matejki,351,13,54-821,13,12
206,Plac Grunwaldzki,276,15,30-453,16,22
207,M³yñska,327,116,02-157,11,30
208,Plac Koœciuszki,135,22,71-423,13,50
209,Plac Kolegiacki,241,136,51-621,16,18
210,Parkowa,82,80,08-596,9,15
211,Kopernika,400,168,76-505,14,20
212,Plac Szewczyka,383,52,33-822,1,31
213,Zielona,361,93,34-889,13,27
214,Dêbowa,266,167,38-329,15,28
215,Radziwi³³owska,102,86,36-306,11,33
216,Plac Inwalidów,56,147,41-427,15,22
217,Zielona,251,141,98-678,3,18
218,Spokojna,378,26,97-395,5,41
219,Dêbowa,137,82,16-218,1,41
220,Parkowa,252,195,42-168,13,37
221,Skwerowa,369,190,81-847,4,45
222,Mickiewicza,195,115,60-006,2,41
223,Sosnowa,379,25,58-431,5,11
224,Leœna,230,95,19-929,2,3
225,Plac Kolegiacki,167,56,03-200,7,17
226,Plac Szewczyka,155,96,81-361,1,34
227,Spokojna,178,33,09-369,14,13
228,Koszykowa,85,176,37-234,13,10
229,Dêbowa,60,192,26-722,4,41
230,Leœna,268,148,96-751,1,7
231,Szpitalna,154,191,71-810,9,6
232,Parkowa,269,82,09-954,14,46
233,Pocztowa,39,200,77-176,11,21
234,Plac Bohaterów,179,148,25-500,6,20
235,Cicha,224,198,81-668,6,31
236,S³oneczna,22,13,66-384,10,29
237,Plac Stary Ratusz,192,117,71-800,13,45
238,Cicha,338,83,43-547,7,13
239,£¹kowa,24,159,63-805,9,37
240,£¹kowa,187,133,53-405,11,8
241,Kwiatowa,371,56,92-275,1,50
242,Wiejska,255,151,10-051,14,16
243,Cicha,392,139,08-714,10,37
244,Plac Bohaterów,331,11,74-181,14,24
245,Kwiatowa,112,46,34-151,16,23
246,Jasna,322,130,10-342,11,20
247,Plac Inwalidów,74,90,33-168,5,41
248,Koszykowa,284,146,99-571,4,34
249,Plac Wolnoœci,94,63,85-951,9,5
250,Reymonta,171,41,99-437,1,31
251,Plac Niepodleg³oœci,350,32,00-025,11,15
252,Plac Wolnoœci,19,67,33-982,2,14
253,Szpitalna,339,75,23-070,15,34
254,Plac Katedralny,282,113,74-248,7,39
255,Jagodowa,150,27,23-019,15,16
256,Placowa,253,186,99-758,1,11
257,Skwerowa,77,48,73-224,6,47
258,Plac Kolegiacki,21,61,06-187,9,21
259,Jasna,73,63,75-920,10,20
260,Mickiewicza,314,191,65-176,15,4
261,Szpitalna,301,190,88-382,9,39
262,Leœna,262,177,47-599,4,39
263,Parkowa,337,50,95-288,8,27
264,Reymonta,364,117,40-745,12,41
265,Plac Targowy,214,19,00-793,7,42
266,Pocztowa,170,10,46-357,14,23
267,Radziwi³³owska,348,192,85-915,8,40
268,Cicha,268,70,81-758,13,18
269,S³owackiego,354,23,51-544,1,48
270,Dêbowa,147,107,56-384,11,35
271,Reymonta,78,112,96-978,16,7
272,Plac Jana Kazimierza,37,93,06-866,12,32
273,Wiejska,94,162,85-580,14,40
274,Plac Kolegiacki,310,50,04-657,9,34
275,Plac Jana Kazimierza,125,12,55-081,6,41
276,Plac Koœciuszki,152,170,44-076,6,40
277,Plac Katedralny,393,112,14-578,7,8
278,Reymonta,30,129,34-395,5,15
279,Kopernika,148,197,29-663,8,27
280,Plac Grunwaldzki,198,26,69-262,12,39
281,Plac Kolegiacki,121,68,18-645,12,8
282,Sk³odowskiej-Curie,168,198,82-661,4,38
283,Plac Zwyciêstwa,257,117,35-240,5,18
284,Plac Sobieskiego,153,156,84-409,2,29
285,Wiejska,198,138,97-288,13,1
286,Sienkiewicza,101,139,01-602,11,7
287,Plac Niepodleg³oœci,135,187,29-366,2,3
288,Radziwi³³owska,12,14,14-659,3,4
289,Plac Sobieskiego,285,3,46-487,1,18
290,Plac Katedralny,219,150,12-982,7,4
291,Reymonta,253,59,56-547,6,35
292,Plac Jana Matejki,29,198,20-946,11,17
293,Marsza³kowska,78,45,54-059,3,13
294,Plac Niepodleg³oœci,115,130,66-402,6,13
295,Dêbowa,253,124,06-596,15,33
296,Szpitalna,338,33,50-357,12,24
297,Sk³odowskiej-Curie,286,129,26-410,15,49
298,Marsza³kowska,268,188,44-931,11,47
299,S³owackiego,117,80,56-967,11,20
300,Sk³odowskiej-Curie,386,87,59-476,10,1
301,Dêbowa,54,180,57-342,10,38
302,Pocztowa,119,191,64-021,14,8
303,Plac Jana Kazimierza,218,199,02-413,15,2
304,Plac Koœcieleckiego,7,4,94-327,15,40
305,Leœna,66,134,87-203,7,16
306,Kwiatowa,57,33,82-476,10,41
307,Jasna,400,76,17-684,3,3
308,Jasna,355,145,36-160,8,37
309,Kopernika,131,141,72-326,3,12
310,Pi³sudskiego,317,68,94-411,14,27
311,Spokojna,131,190,12-047,3,49
312,Pocztowa,264,186,84-171,5,23
313,Spokojna,302,99,34-732,10,14
314,Plac Franciszkañski,352,110,65-720,12,50
315,Plac Grunwaldzki,273,120,48-529,16,33
316,Plac Kolegiacki,174,46,62-227,13,26
317,Dêbowa,122,188,03-941,15,26
318,Jasna,258,89,50-607,13,2
319,Jasna,189,154,63-058,13,25
320,Plac Katedralny,385,73,80-808,7,12
321,Wiejska,374,193,48-377,9,12
322,Plac Jana Kazimierza,379,43,37-676,11,17
323,Plac Stary Ratusz,78,166,14-656,3,1
324,Sienkiewicza,400,109,94-484,2,22
325,S³owackiego,81,96,76-667,16,16
326,Plac Targowy,180,135,11-954,5,23
327,Plac Jana Matejki,398,187,19-684,14,9
328,Zielona,384,125,35-262,15,22
329,Plac Jana Matejki,16,129,60-419,4,38
330,Plac Wolnoœci,314,59,18-086,15,5
331,Jagodowa,204,6,17-890,13,14
332,Plac Jana Paw³a II,55,104,68-807,2,45
333,Plac Katedralny,91,154,01-999,6,50
334,Kwiatowa,286,128,78-086,15,15
335,Plac Niepodleg³oœci,186,60,40-256,6,23
336,Plac Targowy,65,156,58-902,4,6
337,Plac Franciszkañski,128,36,91-012,13,1
338,Plac Szewczyka,184,69,55-187,1,30
339,Lipowa,336,33,03-811,15,7
340,Mickiewicza,366,41,57-625,4,29
341,Plac Jana Paw³a II,174,92,98-464,3,36
342,Cicha,95,132,15-865,4,18
343,Reymonta,311,141,59-991,6,3
344,Plac Niepodleg³oœci,65,178,96-662,1,3
345,Reymonta,92,116,50-817,5,28
346,Konopnickiej,291,11,84-450,11,35
347,Plac Niepodleg³oœci,94,41,49-174,11,7
348,Plac Wolnoœci,355,31,12-853,1,44
349,Sosnowa,336,15,91-997,6,2
350,Mickiewicza,115,12,92-025,13,34
351,Plac Targowy,280,158,01-747,16,20
352,Marsza³kowska,366,77,22-868,14,50
353,Sosnowa,40,72,14-924,13,32
354,Plac Jana Paw³a II,215,69,33-941,6,26
355,Spokojna,156,15,48-027,16,33
356,Leœna,211,53,21-358,3,20
357,Cicha,213,28,34-134,2,23
358,Plac Koœciuszki,296,33,51-196,3,22
359,Plac Inwalidów,325,138,04-463,5,39
360,Placowa,372,65,39-769,3,44
361,Sosnowa,314,107,92-862,5,22
362,Reymonta,34,46,58-459,9,24
363,S³oneczna,64,194,18-152,16,28
364,Konopnickiej,203,146,83-103,3,1
365,Spokojna,49,163,96-725,7,5
366,Zielona,233,53,22-697,15,43
367,Sosnowa,80,120,60-037,5,13
368,Spokojna,97,20,23-497,12,36
369,Zielona,103,53,25-513,15,22
370,Plac Franciszkañski,129,13,34-937,15,26
371,£¹kowa,365,109,69-370,12,25
372,S³oneczna,360,176,43-470,10,43
373,M³yñska,283,14,29-473,7,27
374,Plac Koœciuszki,293,88,29-382,9,39
375,Pi³sudskiego,32,34,04-622,2,31
376,Plac Inwalidów,65,66,51-406,15,46
377,Cicha,323,31,92-163,12,18
378,Jasna,305,83,41-447,1,50
379,Plac Koœcieleckiego,168,33,96-834,5,9
380,Plac Katedralny,150,97,92-179,16,8
381,Szpitalna,215,197,84-935,1,21
382,Plac Zwyciêstwa,312,171,90-258,12,16
383,£¹kowa,329,17,51-011,12,29
384,Koszykowa,66,58,27-712,6,47
385,Plac Grunwaldzki,132,82,94-199,13,9
386,Plac Niepodleg³oœci,126,139,05-470,6,47
387,Sienkiewicza,216,118,41-275,13,37
388,Plac Zwyciêstwa,228,172,71-319,15,15
389,Sosnowa,394,179,43-422,8,22
390,£¹kowa,47,151,10-225,15,34
391,Spokojna,96,118,17-184,4,41
392,Plac Sobieskiego,96,181,41-041,11,30
393,S³owackiego,142,64,14-585,2,31
394,Plac Stary Ratusz,374,21,47-109,10,34
395,Skwerowa,369,189,81-986,3,20
396,Plac Jana Paw³a II,78,52,77-854,15,48
397,Plac Targowy,297,6,67-560,13,37
398,Plac Koœcieleckiego,327,190,66-597,12,10
399,Reymonta,43,186,21-701,13,36
400,Mickiewicza,73,85,87-089,5,14
401,Plac Stary Ratusz,295,112,05-366,13,19
402,Plac Bohaterów,150,65,13-408,3,35
403,Parkowa,7,40,83-129,9,43
404,Pi³sudskiego,129,88,46-851,10,6
405,£¹kowa,105,34,58-155,15,49
406,Szpitalna,158,88,04-059,13,19
407,S³owackiego,350,142,74-718,5,7
408,Placowa,281,170,80-128,15,37
409,Konopnickiej,115,69,90-684,15,26
410,Radziwi³³owska,395,161,69-978,12,30
411,Kopernika,192,95,90-846,1,35
412,Plac Kiliñskiego,297,139,31-381,9,38
413,Konopnickiej,383,190,51-936,1,32
414,Plac Jana Matejki,271,46,53-207,9,39
415,Plac Koœciuszki,207,130,69-591,16,39
416,Lipowa,13,190,16-344,1,31
417,Plac Franciszkañski,248,78,36-841,9,45
418,Dworcowa,193,181,03-966,13,48
419,Dêbowa,33,107,91-174,10,47
420,Kwiatowa,69,196,21-216,4,24
421,Kopernika,96,3,64-680,3,3
422,S³owackiego,105,33,06-627,10,32
423,Plac Inwalidów,130,57,91-249,12,32
424,M³yñska,227,82,05-306,4,40
425,Jagodowa,75,86,54-596,12,26
426,£¹kowa,294,112,14-618,16,32
427,Plac Targowy,207,182,65-643,6,48
428,Plac Jana Paw³a II,145,110,92-221,5,36
429,Plac Inwalidów,81,68,74-587,6,14
430,Plac Zwyciêstwa,248,11,39-749,8,32
431,Jagodowa,140,82,93-295,13,8
432,Plac Kiliñskiego,312,54,36-416,1,16
433,£¹kowa,96,29,30-845,8,2
434,Kwiatowa,86,49,40-861,13,1
435,Plac Targowy,63,48,92-126,7,47
436,Plac Targowy,217,193,25-278,5,12
437,Radziwi³³owska,168,32,21-024,12,1
438,Dworcowa,249,100,03-068,14,40
439,Szpitalna,274,15,13-687,1,43
440,Jasna,376,123,78-240,1,42
441,Pi³sudskiego,205,140,09-764,15,21
442,Spokojna,112,58,99-736,14,13
443,Wiejska,213,179,97-010,12,19
444,Plac Targowy,220,141,29-379,12,28
445,Spokojna,184,136,62-760,4,40
446,Jasna,170,101,31-275,4,47
447,Dêbowa,266,177,46-494,12,40
448,Kwiatowa,320,75,75-290,14,50
449,Cicha,102,101,69-620,2,23
450,Zielona,110,108,00-189,11,41
451,Pocztowa,199,127,98-900,8,39
452,S³oneczna,69,101,19-839,4,35
453,Plac Bohaterów,8,7,37-589,1,41
454,Plac Szewczyka,359,72,29-840,2,21
455,Plac Grunwaldzki,24,66,99-504,12,32
456,Plac Stary Ratusz,190,159,16-326,15,2
457,Zielona,209,7,93-642,1,21
458,Skwerowa,368,191,37-494,13,42
459,Pi³sudskiego,250,149,57-425,10,34
460,Placowa,114,96,86-705,6,14
461,Parkowa,171,179,83-731,4,6
462,Parkowa,397,172,20-855,2,32
463,Sienkiewicza,145,80,16-228,5,26
464,Plac Jana Kazimierza,318,15,48-745,15,45
465,Plac Sobieskiego,147,37,20-132,15,12
466,Plac Kiliñskiego,258,134,08-481,14,13
467,Koszykowa,51,39,95-378,4,25
468,Marsza³kowska,49,129,55-226,10,7
469,Reymonta,120,168,30-033,12,14
470,Pocztowa,249,109,31-136,14,14
471,M³yñska,59,191,01-117,5,32
472,Plac Targowy,366,108,19-212,6,29
473,Plac Koœcieleckiego,112,174,80-786,11,40
474,S³oneczna,192,176,43-399,6,3
475,Mickiewicza,327,53,09-984,8,26
476,Plac Niepodleg³oœci,253,168,40-579,10,18
477,Spokojna,243,93,10-102,12,43
478,S³owackiego,232,153,27-300,13,50
479,Skwerowa,42,159,85-133,16,2
480,Plac Kiliñskiego,346,56,28-304,13,19
481,Plac Zwyciêstwa,62,37,22-788,7,26
482,Dworcowa,263,46,58-779,14,49
483,Sosnowa,59,177,55-808,5,25
484,Zielona,276,13,02-728,14,34
485,Jagodowa,65,140,07-220,4,25
486,Plac Koœciuszki,344,42,61-575,9,23
487,Parkowa,228,73,53-456,5,24
488,Koszykowa,192,20,05-989,13,22
489,£¹kowa,321,146,32-107,3,28
490,Plac Szewczyka,326,51,26-556,16,16
491,Dworcowa,355,50,73-631,14,20
492,Reymonta,51,67,50-738,16,45
493,Plac Bohaterów,151,125,56-358,6,50
494,Wiejska,324,178,35-393,11,25
495,Sosnowa,156,141,87-955,5,19
496,Konopnickiej,76,40,03-301,16,21
497,Dworcowa,335,14,26-520,2,25
498,Plac Koœciuszki,40,38,28-500,4,13
499,Plac Kiliñskiego,37,100,28-122,2,46
500,Koszykowa,168,82,30-364,9,36
501,Marsza³kowska,90,58,62-723,1,18
502,Koszykowa,315,49,10-857,12,42
503,Koszykowa,281,190,08-039,2,48
504,Sosnowa,251,61,83-571,13,47
505,Plac Targowy,236,179,25-875,3,5
506,Leœna,187,129,28-451,4,3
507,Plac Koœcieleckiego,182,134,86-729,4,7
508,Plac Koœciuszki,254,66,45-721,1,30
509,Plac Jana Kazimierza,335,4,73-994,8,15
510,Zielona,233,129,19-985,4,24
511,Plac Zwyciêstwa,256,91,77-494,12,33
512,Reymonta,203,29,53-006,15,31
513,Plac Kolegiacki,238,96,53-882,8,21
514,Kopernika,380,77,51-403,8,15
515,Lipowa,203,1,48-143,3,15
516,Plac Targowy,195,14,90-802,2,7
517,Placowa,91,44,93-205,11,43
518,Pi³sudskiego,348,41,82-574,14,12
519,Sienkiewicza,340,22,19-542,5,27
520,Pocztowa,88,25,82-718,13,12
521,Jagodowa,138,40,79-927,2,45
522,Konopnickiej,375,99,44-499,9,12
523,Plac Targowy,361,94,19-588,2,15
524,Plac Katedralny,68,94,10-290,5,31
525,Sk³odowskiej-Curie,19,106,46-094,12,47
526,Mickiewicza,63,20,84-354,1,47
527,Plac Franciszkañski,316,168,31-803,14,1
528,Plac Koœcieleckiego,320,49,95-188,2,2
529,Sosnowa,100,26,93-879,1,48
530,Wiejska,154,35,62-426,1,9
531,Plac Katedralny,309,71,74-216,16,46
532,S³owackiego,30,19,64-875,2,8
533,Szpitalna,188,63,19-760,11,31
534,Kwiatowa,65,106,20-315,8,35
535,Spokojna,365,114,96-510,7,3
536,Reymonta,112,63,10-988,6,16
537,Sk³odowskiej-Curie,97,49,36-161,7,4
538,M³yñska,66,152,52-451,8,1
539,Sk³odowskiej-Curie,243,188,30-302,16,8
540,Plac Inwalidów,94,69,67-464,3,38
541,Kopernika,284,125,41-966,9,37
542,Plac Franciszkañski,30,45,49-741,10,48
543,Plac Inwalidów,378,37,84-429,1,4
544,Plac Koœciuszki,51,43,11-486,2,18
545,Pocztowa,232,133,03-843,5,9
546,Plac Koœcieleckiego,75,129,25-740,8,11
547,Wiejska,377,31,62-731,2,39
548,Radziwi³³owska,273,127,17-611,1,40
549,Plac Katedralny,54,69,88-190,7,3
550,Pocztowa,307,109,29-857,1,43
551,Plac Franciszkañski,378,10,68-274,14,23
552,Kwiatowa,121,183,97-560,16,10
553,Plac Jana Matejki,204,39,37-009,12,48
554,Plac Inwalidów,211,191,42-415,9,42
555,Pocztowa,188,40,82-570,6,41
556,Plac Franciszkañski,227,169,37-152,4,50
557,Jagodowa,193,104,14-498,6,15
558,Plac Jana Paw³a II,61,35,74-492,6,32
559,£¹kowa,322,121,53-849,14,21
560,S³oneczna,108,83,90-908,7,41
561,Plac Stary Ratusz,66,89,76-574,12,42
562,£¹kowa,39,45,08-909,4,27
563,Plac Jana Paw³a II,33,73,03-990,15,14
564,Sk³odowskiej-Curie,115,28,96-583,6,35
565,S³owackiego,80,62,48-924,8,15
566,Konopnickiej,90,16,18-419,2,43
567,Cicha,181,117,65-706,3,22
568,Plac Kiliñskiego,379,16,58-955,2,37
569,Plac Jana Matejki,32,194,38-312,8,24
570,Pi³sudskiego,211,26,79-927,3,34
571,Plac Koœciuszki,189,169,09-103,12,49
572,Plac Zwyciêstwa,61,193,45-576,16,33
573,M³yñska,266,33,09-846,13,49
574,Plac Szewczyka,198,29,18-160,14,47
575,Zielona,362,181,18-437,14,36
576,Plac Wolnoœci,35,193,41-625,8,42
577,Sosnowa,123,21,06-799,15,5
578,Radziwi³³owska,214,112,90-912,14,32
579,Sk³odowskiej-Curie,5,148,02-037,16,26
580,Plac Koœcieleckiego,78,33,29-336,10,35
581,Dêbowa,211,90,13-180,7,44
582,Konopnickiej,110,172,36-732,3,7
583,Plac Zwyciêstwa,374,12,15-512,15,50
584,Plac Sobieskiego,112,52,23-541,4,47
585,S³oneczna,279,113,91-260,3,1
586,Sienkiewicza,43,72,64-941,15,20
587,Placowa,77,64,89-625,11,23
588,Skwerowa,178,164,72-517,14,5
589,S³owackiego,240,153,97-224,5,24
590,Sk³odowskiej-Curie,255,45,65-152,9,35
591,Plac Kiliñskiego,284,41,65-783,8,5
592,Plac Niepodleg³oœci,272,93,71-744,14,9
593,Reymonta,74,65,84-215,4,13
594,Plac Franciszkañski,351,34,93-238,14,7
595,Sosnowa,59,144,07-747,13,17
596,Radziwi³³owska,280,77,71-448,4,45
597,Plac Jana Paw³a II,278,183,88-042,10,3
598,Plac Katedralny,38,193,85-970,11,29
599,S³owackiego,291,134,66-340,9,48
600,Plac Szewczyka,238,170,23-936,15,24
601,Zielona,392,109,20-268,5,20
602,M³yñska,161,185,82-803,4,39
603,Zielona,84,77,04-540,9,41
604,Plac Jana Paw³a II,59,132,70-176,6,37
605,Szpitalna,106,151,22-614,6,48
606,S³owackiego,161,66,17-182,16,31
607,Spokojna,144,156,42-226,3,35
608,Koszykowa,250,191,03-617,1,36
609,Sosnowa,311,14,74-322,5,45
610,Plac Inwalidów,44,156,86-910,11,30
611,Spokojna,397,46,64-065,15,1
612,Sk³odowskiej-Curie,362,90,04-066,13,47
613,Plac Katedralny,65,24,29-853,10,40
614,Spokojna,59,8,44-417,3,40
615,Dêbowa,342,92,02-329,8,41
616,£¹kowa,271,75,10-936,11,28
617,Spokojna,107,13,85-004,6,35
618,Plac Stary Ratusz,397,29,46-153,11,41
619,Plac Niepodleg³oœci,347,127,26-319,16,35
620,Pocztowa,80,104,11-903,1,41
621,Plac Jana Kazimierza,176,68,95-582,8,11
622,Wiejska,323,156,33-475,11,21
623,Cicha,364,182,75-588,9,21
624,Plac Wolnoœci,266,119,41-512,8,12
625,Plac Katedralny,379,4,30-536,8,37
626,Koszykowa,163,60,82-026,13,41
627,Leœna,290,174,84-599,12,11
628,M³yñska,300,87,21-612,12,33
629,Plac Jana Matejki,44,107,91-283,16,42
630,Skwerowa,70,143,71-674,2,41
631,Dworcowa,135,53,91-174,6,23
632,Plac Kolegiacki,185,93,08-565,15,47
633,Koszykowa,313,170,98-248,14,28
634,Plac Katedralny,265,43,36-491,11,37
635,Koszykowa,41,62,91-354,6,21
636,Spokojna,345,40,69-201,7,42
637,Leœna,346,23,96-958,3,9
638,Wiejska,127,51,96-319,1,45
639,Zielona,42,9,46-399,1,42
640,Kopernika,8,101,86-096,11,42
641,Skwerowa,108,154,76-311,7,28
642,S³oneczna,61,172,50-936,14,5
643,Jagodowa,147,176,02-911,14,14
644,Plac Wolnoœci,325,44,26-769,10,26
645,Koszykowa,304,145,30-700,3,32
646,Pi³sudskiego,76,176,98-388,1,16
647,Plac Franciszkañski,316,26,35-804,10,47
648,Leœna,53,177,60-938,4,15
649,Dêbowa,217,76,67-979,5,44
650,Jagodowa,251,6,62-481,13,17
651,Sienkiewicza,6,35,98-977,5,35
652,Dworcowa,350,60,64-532,15,42
653,Radziwi³³owska,1,185,32-576,15,9
654,Spokojna,235,159,18-169,11,26
655,Konopnickiej,242,154,83-054,3,14
656,Spokojna,60,49,66-192,3,5
657,Plac Bohaterów,21,169,33-479,8,7
658,Plac Kiliñskiego,98,58,33-597,3,2
659,Radziwi³³owska,310,66,72-693,12,14
660,Plac Franciszkañski,335,25,84-210,15,25
661,Marsza³kowska,324,129,53-833,10,32
662,Plac Inwalidów,232,49,84-527,7,43
663,Plac Koœciuszki,335,11,09-562,12,9
664,Sosnowa,202,167,15-502,2,40
665,Kwiatowa,180,106,12-509,3,4
666,Dworcowa,93,35,18-177,9,47
667,Plac Sobieskiego,90,126,53-740,3,35
668,Plac Katedralny,54,44,99-239,2,21
669,Pocztowa,45,105,95-039,5,45
670,Mickiewicza,288,64,76-152,16,48
671,M³yñska,330,172,17-513,6,26
672,Szpitalna,301,68,80-687,8,27
673,Sienkiewicza,283,64,51-089,5,20
674,Plac Inwalidów,313,56,20-644,7,6
675,Sienkiewicza,230,63,73-690,13,6
676,Szpitalna,384,22,12-485,2,11
677,Plac Sobieskiego,32,171,39-181,15,7
678,Mickiewicza,65,52,26-614,13,26
679,Skwerowa,279,143,95-027,4,18
680,Jasna,98,200,23-115,16,14
681,Szpitalna,384,52,78-340,16,43
682,Plac Szewczyka,133,91,21-125,6,26
683,Plac Kolegiacki,142,150,35-410,10,30
684,Jagodowa,314,24,24-745,7,22
685,Sk³odowskiej-Curie,100,184,71-034,11,22
686,Plac Kiliñskiego,6,190,66-314,8,2
687,Plac Bohaterów,44,181,18-185,4,33
688,M³yñska,373,20,06-550,1,42
689,Placowa,88,8,17-956,5,30
690,Cicha,28,148,22-414,16,34
691,Konopnickiej,88,45,07-514,11,15
692,Pocztowa,193,179,05-831,11,36
693,Plac Kiliñskiego,381,129,57-233,9,36
694,Reymonta,318,112,35-914,11,49
695,Sk³odowskiej-Curie,301,158,02-230,10,31
696,Plac Jana Paw³a II,323,162,20-961,6,37
697,Plac Katedralny,263,124,45-468,5,36
698,S³oneczna,395,142,86-945,13,42
699,Cicha,281,20,95-572,1,17
700,Konopnickiej,178,128,62-982,7,15
701,Jagodowa,144,6,39-013,10,31
702,Plac Franciszkañski,53,169,78-322,13,16
703,Plac Targowy,191,29,60-836,4,27
704,Dêbowa,42,90,05-043,7,18
705,Zielona,147,48,26-840,16,21
706,Plac Kolegiacki,1,120,39-645,6,50
707,Pocztowa,6,125,22-087,13,39
708,Marsza³kowska,74,200,58-767,3,18
709,Leœna,338,9,42-620,16,5
710,Plac Targowy,312,164,92-769,8,24
711,Plac Jana Paw³a II,328,122,75-850,6,42
712,Sosnowa,262,102,89-479,13,20
713,Plac Koœcieleckiego,337,111,06-994,8,43
714,Koszykowa,249,28,04-559,5,31
715,Koszykowa,227,47,29-630,16,45
716,M³yñska,22,37,64-813,9,47
717,Plac Bohaterów,72,2,86-382,11,35
718,Plac Koœciuszki,37,74,37-707,5,36
719,Pocztowa,316,101,93-534,15,22
720,Spokojna,373,87,60-428,1,29
721,Dêbowa,357,185,58-289,14,16
722,Lipowa,241,35,04-004,2,26
723,M³yñska,7,14,68-202,11,30
724,Kwiatowa,35,150,81-649,2,5
725,Cicha,327,67,20-045,12,3
726,Plac Koœcieleckiego,343,50,23-640,12,41
727,Radziwi³³owska,256,32,92-216,16,14
728,Lipowa,227,125,26-198,13,20
729,Plac Szewczyka,212,120,80-207,2,26
730,Sienkiewicza,342,198,38-124,7,41
731,Plac Kolegiacki,341,144,61-264,14,50
732,Plac Koœcieleckiego,286,157,01-812,7,14
733,Plac Stary Ratusz,68,53,48-302,4,46
734,Plac Kolegiacki,77,15,22-641,8,9
735,Plac Szewczyka,297,45,45-792,11,33
736,Dworcowa,158,145,83-830,8,30
737,Jasna,100,131,49-928,7,34
738,Plac Inwalidów,68,93,21-330,12,35
739,Skwerowa,51,88,61-467,12,27
740,Plac Koœciuszki,179,43,35-890,15,19
741,£¹kowa,325,176,18-563,5,18
742,S³owackiego,355,121,06-616,16,16
743,Plac Zwyciêstwa,381,123,19-764,16,34
744,Placowa,290,93,62-720,13,24
745,Reymonta,218,4,45-785,12,22
746,Koszykowa,297,74,50-233,10,45
747,Spokojna,150,119,71-246,5,37
748,Kwiatowa,369,153,66-216,6,50
749,Plac Kolegiacki,269,86,10-787,14,50
750,Plac Grunwaldzki,342,82,80-327,15,43
751,Sienkiewicza,353,140,94-300,1,13
752,Placowa,348,122,21-058,4,3
753,£¹kowa,315,117,15-653,3,5
754,Zielona,146,38,28-769,11,21
755,Plac Katedralny,35,61,01-875,10,17
756,Jagodowa,36,56,24-705,3,14
757,Parkowa,227,23,89-145,3,13
758,Spokojna,68,33,86-849,12,49
759,Plac Koœciuszki,40,121,39-858,14,36
760,Plac Jana Kazimierza,282,192,34-840,6,10
761,Plac Jana Kazimierza,266,70,89-434,12,32
762,Skwerowa,251,185,08-467,7,48
763,Plac Sobieskiego,287,83,21-269,12,30
764,Koszykowa,200,146,88-696,16,24
765,Sosnowa,394,150,60-457,2,33
766,S³oneczna,105,65,90-692,1,39
767,Plac Jana Kazimierza,201,34,56-917,9,34
768,Plac Koœciuszki,361,65,00-650,12,26
769,Plac Wolnoœci,223,152,50-062,10,8
770,Plac Franciszkañski,114,86,20-211,7,11
771,Plac Stary Ratusz,158,2,50-646,12,29
772,Leœna,332,158,87-398,6,18
773,Plac Jana Matejki,281,145,93-352,14,1
774,S³owackiego,113,50,35-838,8,44
775,£¹kowa,136,58,53-349,3,12
776,Plac Jana Paw³a II,101,165,01-629,15,2
777,Plac Jana Paw³a II,157,68,11-964,12,28
778,Plac Bohaterów,84,36,09-136,5,12
779,Cicha,150,108,64-121,12,12
780,Skwerowa,235,46,98-429,13,28
781,Plac Bohaterów,356,4,26-606,7,3
782,Plac Jana Kazimierza,155,102,72-954,8,27
783,Plac Targowy,299,73,61-715,11,37
784,Placowa,235,45,89-913,8,37
785,Leœna,202,99,82-908,4,8
786,Zielona,29,61,46-995,10,43
787,Plac Katedralny,156,58,87-968,11,44
788,Pocztowa,388,3,22-035,15,39
789,Cicha,223,62,59-254,14,16
790,Jasna,4,44,14-465,10,20
791,Koszykowa,278,159,21-575,5,6
792,M³yñska,201,180,22-044,1,37
793,Sk³odowskiej-Curie,42,134,44-616,3,38
794,Jasna,156,170,91-402,13,33
795,Sk³odowskiej-Curie,245,172,96-482,11,28
796,Plac Bohaterów,258,159,31-715,4,36
797,S³owackiego,113,25,30-323,4,20
798,Plac Katedralny,359,167,40-831,9,31
799,Parkowa,206,30,74-602,16,1
800,Parkowa,11,160,68-398,2,19
801,Konopnickiej,115,167,87-203,9,41
802,Pi³sudskiego,188,27,50-280,9,31
803,Jasna,70,131,32-230,13,26
804,Sk³odowskiej-Curie,52,41,34-587,6,47
805,Skwerowa,110,5,23-297,11,27
806,Plac Jana Paw³a II,227,127,14-415,13,42
807,Plac Bohaterów,8,88,46-966,13,46
808,M³yñska,303,60,18-097,3,47
809,Kwiatowa,329,53,06-429,8,7
810,Spokojna,138,106,91-866,7,29
811,Plac Szewczyka,147,8,36-935,2,46
812,Dworcowa,117,107,42-706,14,32
813,Plac Bohaterów,315,172,74-647,3,29
814,Pi³sudskiego,228,142,41-676,14,22
815,Plac Franciszkañski,250,20,95-515,14,25
816,Plac Szewczyka,385,129,60-633,15,36
817,Plac Koœciuszki,242,147,66-567,1,31
818,Plac Stary Ratusz,164,56,48-596,15,50
819,Kopernika,307,61,08-762,11,29
820,£¹kowa,99,175,20-305,4,8
821,Plac Bohaterów,350,159,43-775,13,42
822,Jagodowa,215,52,61-547,7,4
823,Plac Jana Matejki,344,68,94-595,4,50
824,Pi³sudskiego,351,55,00-040,14,6
825,Plac Grunwaldzki,243,57,50-661,5,35
826,Plac Jana Matejki,343,102,50-551,10,33
827,Plac Wolnoœci,233,27,44-685,9,39
828,Pocztowa,283,44,09-973,2,41
829,Cicha,266,86,56-892,11,33
830,Konopnickiej,249,50,55-114,15,14
831,Plac Sobieskiego,232,49,12-256,15,23
832,Plac Katedralny,53,96,96-699,10,40
833,Lipowa,288,48,01-957,5,2
834,Konopnickiej,16,29,61-582,2,40
835,Plac Inwalidów,347,185,62-929,13,44
836,Jagodowa,171,68,38-062,1,30
837,Jagodowa,101,91,28-041,13,36
838,Plac Koœciuszki,279,145,81-813,16,4
839,Plac Koœciuszki,366,92,35-396,16,20
840,Pocztowa,320,4,04-712,10,1
841,Skwerowa,94,129,18-104,1,22
842,Kwiatowa,236,157,09-529,15,7
843,Plac Katedralny,350,195,83-452,8,45
844,Placowa,94,177,45-355,9,40
845,Plac Jana Kazimierza,84,191,10-604,4,49
846,Konopnickiej,223,122,35-990,4,15
847,Kopernika,319,125,17-819,9,21
848,Plac Wolnoœci,334,61,23-483,9,36
849,Mickiewicza,308,126,82-360,11,1
850,S³owackiego,375,64,59-587,10,16
851,Spokojna,71,175,90-123,12,28
852,Kopernika,130,74,61-802,4,49
853,Spokojna,381,146,08-832,1,6
854,Plac Jana Kazimierza,77,7,29-948,2,45
855,Wiejska,128,15,75-689,11,10
856,Plac Koœcieleckiego,380,35,53-754,14,13
857,Plac Stary Ratusz,52,166,44-362,4,42
858,Plac Targowy,383,47,73-463,13,21
859,Plac Sobieskiego,314,16,61-246,8,29
860,Cicha,212,1,45-785,11,11
861,Plac Koœcieleckiego,211,158,10-651,6,33
862,Plac Bohaterów,30,96,18-921,3,12
863,Wiejska,215,121,10-420,6,6
864,Spokojna,182,16,04-965,4,33
865,Parkowa,310,52,99-528,13,42
866,S³owackiego,384,154,73-594,16,40
867,Lipowa,366,198,54-566,14,11
868,Cicha,273,168,79-936,6,50
869,Plac Koœcieleckiego,157,124,00-930,3,2
870,Plac Targowy,143,15,65-290,2,1
871,Parkowa,56,30,62-131,12,50
872,Plac Grunwaldzki,393,4,98-545,3,4
873,Pocztowa,333,16,40-212,6,18
874,Reymonta,136,116,45-836,13,42
875,Mickiewicza,278,59,94-781,15,36
876,Plac Grunwaldzki,230,142,48-691,15,36
877,Plac Sobieskiego,143,76,37-696,9,29
878,Plac Inwalidów,94,83,23-009,7,21
879,Konopnickiej,265,45,91-890,13,25
880,Plac Franciszkañski,371,145,93-708,4,43
881,Pocztowa,222,82,68-803,1,9
882,Plac Grunwaldzki,132,68,68-519,12,50
883,Plac Katedralny,216,55,64-827,12,10
884,Plac Koœcieleckiego,256,86,75-497,15,40
885,Cicha,349,136,14-439,9,41
886,Sk³odowskiej-Curie,22,47,14-900,11,44
887,Plac Katedralny,173,88,86-161,10,32
888,Lipowa,352,88,74-357,16,46
889,S³owackiego,208,37,24-314,15,13
890,Skwerowa,257,19,26-832,6,15
891,Wiejska,233,124,93-076,7,16
892,Plac Inwalidów,300,79,27-820,14,38
893,Plac Katedralny,126,48,89-452,5,16
894,Plac Bohaterów,246,35,93-802,6,20
895,Plac Grunwaldzki,44,64,14-570,6,5
896,Plac Szewczyka,174,152,33-041,16,30
897,Plac Niepodleg³oœci,293,186,39-793,1,24
898,Plac Inwalidów,187,180,45-120,5,31
899,Plac Jana Matejki,349,113,76-300,15,8
900,Plac Niepodleg³oœci,294,52,51-613,6,11
901,M³yñska,166,142,49-619,13,30
902,Sienkiewicza,138,161,49-165,2,39
903,Dworcowa,344,14,99-539,15,22
904,Kopernika,345,21,04-108,14,3
905,Plac Koœcieleckiego,37,112,08-770,7,7
906,Radziwi³³owska,384,55,70-702,1,46
907,Plac Koœcieleckiego,171,178,02-126,6,6
908,Skwerowa,237,180,38-341,15,3
909,Plac Katedralny,394,195,39-888,2,23
910,Parkowa,303,112,64-957,9,12
911,Plac Kolegiacki,200,51,94-248,8,32
912,Skwerowa,95,70,78-274,2,11
913,Mickiewicza,259,81,06-686,3,12
914,Pi³sudskiego,93,140,15-942,4,11
915,Plac Kiliñskiego,326,173,31-625,14,11
916,Reymonta,269,82,04-473,3,25
917,Plac Zwyciêstwa,367,56,49-285,6,43
918,Plac Koœciuszki,227,187,38-392,2,30
919,Dêbowa,336,192,58-731,2,22
920,Plac Bohaterów,252,196,67-694,4,21
921,S³oneczna,196,31,68-777,6,37
922,Plac Grunwaldzki,335,189,80-105,6,35
923,Cicha,388,85,62-018,6,31
924,Marsza³kowska,19,141,64-898,11,45
925,Parkowa,266,117,40-473,8,23
926,Zielona,322,82,99-811,7,47
927,Sk³odowskiej-Curie,53,109,70-372,13,43
928,Plac Katedralny,93,17,81-651,15,44
929,Placowa,238,138,50-385,1,3
930,Pi³sudskiego,274,2,95-040,16,12
931,Spokojna,378,131,43-411,16,12
932,Spokojna,251,80,27-911,15,15
933,Sienkiewicza,400,67,20-287,11,11
934,Plac Zwyciêstwa,137,95,13-393,1,23
935,Jasna,381,173,71-575,11,21
936,Kwiatowa,16,61,80-489,11,5
937,Reymonta,150,139,27-581,5,4
938,Sosnowa,372,198,67-829,12,47
939,Radziwi³³owska,317,111,86-805,14,49
940,Sosnowa,148,146,75-259,9,5
941,Plac Bohaterów,119,197,36-210,16,35
942,Plac Wolnoœci,37,17,94-156,8,4
943,Marsza³kowska,188,71,80-850,12,9
944,Plac Zwyciêstwa,194,138,06-703,1,47
945,Dworcowa,240,171,49-423,2,23
946,Koszykowa,97,32,64-345,2,22
947,Plac Niepodleg³oœci,338,50,08-013,15,20
948,Plac Stary Ratusz,345,78,93-058,2,33
949,Pocztowa,130,186,56-897,6,29
950,Plac Inwalidów,323,163,30-146,7,35
951,Plac Kiliñskiego,56,109,93-419,2,42
952,Wiejska,142,193,14-851,11,4
953,Kwiatowa,50,59,55-895,10,34
954,S³owackiego,135,34,90-925,11,4
955,Pocztowa,93,117,12-669,5,41
956,Plac Katedralny,57,3,58-485,2,5
957,Plac Sobieskiego,376,35,07-094,16,17
958,Sk³odowskiej-Curie,64,134,58-227,6,5
959,Mickiewicza,196,105,79-497,13,6
960,Szpitalna,148,106,08-449,16,19
961,Plac Targowy,192,180,02-480,14,8
962,Plac Niepodleg³oœci,307,101,62-851,1,50
963,Cicha,308,194,50-090,2,17
964,Reymonta,111,196,49-831,3,49
965,Spokojna,12,34,01-504,14,17
966,Plac Bohaterów,90,177,31-525,13,44
967,Plac Jana Kazimierza,199,50,51-516,15,14
968,Sk³odowskiej-Curie,31,86,01-260,11,34
969,Sosnowa,400,31,51-505,14,20
970,Plac Bohaterów,178,121,48-202,13,26
971,Szpitalna,188,34,79-204,5,4
972,Plac Jana Kazimierza,106,113,77-293,13,9
973,Plac Franciszkañski,53,48,44-854,1,47
974,Cicha,61,119,93-995,7,34
975,Plac Szewczyka,38,10,21-600,8,32
976,Kwiatowa,236,175,54-286,4,22
977,Sienkiewicza,7,182,48-974,13,29
978,Dêbowa,64,17,86-117,6,23
979,Plac Jana Kazimierza,266,92,21-219,1,4
980,Plac Niepodleg³oœci,309,146,61-280,11,25
981,Plac Bohaterów,150,54,20-867,11,12
982,Cicha,118,160,01-622,11,21
983,Plac Stary Ratusz,325,177,49-249,10,17
984,Spokojna,41,198,12-070,4,31
985,Spokojna,57,113,40-625,10,26
986,Skwerowa,28,92,56-940,7,40
987,Mickiewicza,179,188,48-340,5,26
988,Plac Targowy,350,130,91-822,3,26
989,Sosnowa,246,132,26-481,12,6
990,S³owackiego,130,37,88-990,3,36
991,Skwerowa,345,50,94-351,6,36
992,Mickiewicza,34,131,14-220,4,6
993,Skwerowa,251,105,81-722,7,43
994,Jasna,304,67,74-430,9,43
995,Parkowa,220,136,69-133,4,19
996,Pocztowa,258,129,84-761,1,32
997,Sienkiewicza,73,132,89-638,5,4
998,Kwiatowa,303,48,46-655,8,6
999,Plac Koœcieleckiego,279,141,73-684,11,35
1000,£¹kowa,228,103,03-151,13,34
