1,Lucja,Duda,77627319539,NZW509889,932702118,UU4295831,1
2,Antoni,Mazur,46960749496,GXK490520,157906192,MM3119923,2
3,Maria,Wisniewski,11946703459,LUO170021,420302768,NN4288410,3
4,Beata,Krawczyk,50417262519,KYI721692,245085107,LL0410689,4
5,Aleksandra,Nowicki,81138923857,XZL347759,266389470,DD2025776,5
6,Igor,Nowicki,84739707410,OTQ126298,860085998,JJ6479503,6
7,Kacper,Michalski,80072572060,JZN011689,918398751,AA2933681,7
8,Marta,Ostrowski,04229240714,JIA044871,605759887,LL2886685,8
9,Cecylia,Stepien,28743243956,QGX775320,528655117,BB8074773,9
10,Nina,Nowak,40746336264,NBH837655,230727403,KK3692572,10
11,Alicja,Stepien,46359331756,UFJ755148,029348601,MM1338382,11
12,Fryderyk,Kaczmarek,79763799942,KCK186063,250058758,BB8238889,12
13,Bartek,Nowak,48309684018,EFF102332,637617281,GG2564871,13
14,Alan,Zielinski,48836525288,XSA347375,112577397,WW9572744,14
15,Cecylia,Majewski,09892555328,XYL731868,580148920,JJ3527930,15
16,Kinga,Mazur,06886892268,OXN566452,846387748,II7326810,16
17,Aleksandra,Walczak,39626961411,EJY250577,332619470,EE0435148,17
18,Igor,Lewandowski,25232057564,ICH168509,855431449,JJ3853180,18
19,Maria,Kaminski,69557000837,EAY927737,299512524,UU7338659,19
20,Julia,Olszewski,29745162886,MKD992177,908193728,MM1899985,20
21,Alicja,Duda,49658537014,CZU667398,814018257,FF0019804,21
22,Maria,Michalak,07941093370,SAU104298,332437689,YY0691832,22
23,Beata,Nowicki,08624573988,WGD853518,555561630,EE6205097,23
24,Jozef,Wisniewski,59065957552,GVC740421,108902616,RR0884744,24
25,Franciszek,Zielinski,84026981214,CLU423053,422469503,SS0667688,25
26,Jakub,Wrobel,55217478091,DAU457912,227192715,SS2750724,26
27,Dominik,Adamczyk,12134423415,NGW588158,296714121,VV6973393,27
28,Maja,Tomaszewski,18325968854,YEP819376,913294114,PP3679760,28
29,Marek,Nowak,38757184618,KHW653112,797918044,TT0033234,29
30,Anastazja,Gorski,46032453127,FMY518415,579923531,UU5438704,30
31,Amelia,Sikora,90274269107,GCY155107,069694515,II3512083,31
32,Aleksandra,Michalski,15476198142,DDK423244,756283692,MM3221233,32
33,Amelia,Nowicki,58974732475,YVW535166,424700359,CC5546304,33
34,Justyna,Jankowski,36720339046,EZO335603,470389837,ZZ8278803,34
35,Joanna,Adamczyk,87138568705,XJV176055,326132909,ZZ6388228,35
36,Igor,Lewandowski,51374256648,YBO165250,622359835,NN3114279,36
37,Krzysztof,Kowalczyk,85128598383,BVW092844,874834098,ZZ0315381,37
38,Michal,Witkowski,21446524915,KRL739272,583085615,HH2450272,38
39,Borys,Adamczyk,73140908631,BRQ960198,584770265,WW9986844,39
40,Amelia,Nowakowski,79457133394,TFU671150,634860553,YY1144059,40
41,Franciszek,Nowak,37880723682,IGO575224,900518471,YY0294453,41
42,Cezary,Kowalski,39451055374,XRV336194,020201654,XX4974149,42
43,Agata,Malinowski,47571888808,UDL005694,290688193,BB8624435,43
44,Agata,Lewandowski,22933152938,DID612578,278615399,KK2715141,44
45,Marta,Wojciechowski,11423120331,JYL918754,576355166,PP5787822,45
46,Mateusz,Kwiatkowski,30915994184,WZX025729,420157620,XX4536580,46
47,Joanna,Duda,27449710684,BLP151381,233501353,AA3686062,47
48,Nadia,Dudek,42647920966,OUO910235,055433524,ZZ7109633,48
49,Antoni,Gorski,09758754259,VNL641384,001778893,II5708919,49
50,Nina,Michalak,79412867594,HRV960499,798252513,ZZ6056673,50
51,Cecylia,Nowakowski,11242869246,YLL322525,132872139,HH1282187,51
52,Marta,Grabowski,76212729517,AGI935577,199801614,KK0058731,52
53,Natalia,Szewczyk,49294285184,AXO980206,030129864,DD1069984,53
54,Kinga,Wieczorek,98260096702,OAQ999036,210915687,HH6968883,54
55,Karol,Ostrowski,19384451591,PSG748929,521723974,NN8277856,55
56,Igor,Kwiatkowski,26013002968,TWC557904,998841008,VV4152492,56
57,Julia,Szewczyk,45243046041,CZE083641,360502458,FF4085462,57
58,Mateusz,Michalak,19588977959,LGD535332,610872177,PP6238146,58
59,Dominik,Kwiatkowski,73214317717,OGJ413274,941979688,GG7961084,59
60,Klara,Stepien,40933674918,FGK286869,819272079,KK9651641,60
61,Agata,Olszewski,62073929654,TLK222150,792572519,YY6023649,61
62,Fabian,Dabrowski,10701649746,SHZ211386,941870800,VV6431766,62
63,Borys,Szymanski,71007092634,BHI919749,681261286,FF1876654,63
64,Nadia,Stepien,74363158223,SXB009684,631852266,UU4834848,64
65,Jozef,Lewandowski,46662245222,PDP883535,578570190,HH4415905,65
66,Maria,Zielinski,63503131476,YYF569141,921392077,XX0201300,66
67,Natalia,Kwiatkowski,36486961547,AUA865220,034037139,NN2401091,67
68,Agata,Wojciechowski,74390955173,WNY002968,395446908,NN9511823,68
69,Magdalena,Szewczyk,84149590298,DKW757176,335265904,NN5500821,69
70,Maja,Majewski,14226242705,QHV300685,541694033,VV6508809,70
71,Beata,Pietrzak,20840207688,VSX697125,079548285,WW9262048,71
72,Cezary,Lewandowski,08389622825,JOM342463,212489729,QQ1866744,72
73,Cezary,Marciniak,93214013620,JFU478059,783866145,PP7696855,73
74,Adam,Grabowski,15346126479,OUK598106,834125458,AA0084947,74
75,Klara,Walczak,88610434743,FTX428793,047629674,OO1419136,75
76,Beata,Kaczmarek,68147692330,IUM004569,650457594,FF1707032,76
77,Justyna,Piotrowski,25719505313,OYT026755,543733479,WW5489212,77
78,Magdalena,Nowicki,16293288507,PUW517437,855094453,MM1083880,78
79,Marta,Nowak,19689283724,GVJ933155,639278502,KK8710478,79
80,Aleksandra,Jankowski,30768982637,VQH292825,519659005,LL9110194,80
81,Kacper,Wrobel,53167521566,XVF631885,377786253,MM8837836,81
82,Beata,Tomaszewski,27038881584,PPU011772,871407158,TT6681777,82
83,Karol,Ostrowski,05012281520,EAU878370,278968289,RR1407987,83
84,Fabian,Stepien,14872713846,RXA310037,442739982,AA6375798,84
85,Maria,Michalak,82869040036,AXH681393,908716828,OO2382217,85
86,Cecylia,Nowak,33656764250,GCS994399,051583331,ZZ2298710,86
87,Maja,Gorski,24812747189,DYE891492,357134970,LL9639010,87
88,Joanna,Kowalczyk,07088375717,XBH756846,171876789,QQ9230722,88
89,Lukasz,Ostrowski,33183744749,NWZ996145,783842360,FF8245916,89
90,Kacper,Walczak,16077034460,UJB774340,860612342,MM5594713,90
91,Dominik,Wrobel,17479188114,LYF893767,796634718,JJ4267249,91
92,Antoni,Wieczorek,01702177150,HYL398852,673833634,DD3106106,92
93,Michal,Ostrowski,75015406655,WCQ832715,447618770,VV1122429,93
94,Jozef,Sikora,37747783223,TQA987014,255533235,MM9292646,94
95,Alan,Kaminski,95447777516,STY595445,948982031,PP5393528,95
96,Nina,Kowalski,54448458925,JSA531855,763534525,XX8825080,96
97,Kamila,Pietrzak,08838814291,TXX277472,849965828,HH3508778,97
98,Alicja,Krol,73743520697,LYR438772,424201548,TT7832654,98
99,Feliks,Stepien,74635533774,KBY441276,714947928,HH7402371,99
100,Magdalena,Zielinski,68449905886,AUS627702,222930712,ZZ4455585,100
101,Maja,Kowalski,01236663566,AAB838644,421732326,HH1426160,101
102,Alan,Kowalski,10319241973,MZB521440,244046535,QQ4095556,102
103,Andrzej,Stepien,53964991408,VGX700157,227916587,PP6674467,103
104,Dominik,Szymanski,87357333281,LLY743229,787376701,LL2978694,104
105,Magdalena,Pietrzak,42237431178,XWJ173737,560703432,XX5016753,105
106,Lucja,Kwiatkowski,72695449576,RAW457732,478597423,PP5388916,106
107,Karol,Kowalczyk,30845708162,XKG316295,806624154,NN2659587,107
108,Julia,Piotrowski,75435703592,CNR999086,992834669,LL9492793,108
109,Nadia,Sikora,77977433710,ZDJ632556,964121636,XX4218193,109
110,Kinga,Wieczorek,04042624660,IFD231900,145548520,DD0623442,110
111,Magdalena,Ostrowski,15418600650,LOH997217,976339071,ZZ0475509,111
112,Klara,Adamczyk,10583380691,OEZ998210,038361730,MM3763536,112
113,Nina,Olszewski,12281156707,EPO115812,645309876,VV1568089,113
114,Alicja,Witkowski,17796237160,SME343183,582016291,EE1062804,114
115,Feliks,Pawlowski,46927462978,BDE479530,622739268,BB7522037,115
116,Karol,Jankowski,53371062133,BII070675,759548359,OO9399786,116
117,Nina,Sikora,01454792781,GAC934825,548027956,GG2576574,117
118,Maja,Wojcik,87201525449,YGW903178,622572731,RR0428781,118
119,Jozef,Szymanski,51978109144,RPJ568618,612556606,EE4486335,119
120,Anastazja,Wozniak,14134344079,PMN165079,125759991,GG8718237,120
121,Mateusz,Pietrzak,52546354481,FLM099799,124911872,SS0481098,121
122,Adam,Grabowski,73942903565,APW529225,626752134,HH3480787,122
123,Beata,Wozniak,14735298028,RAH382089,575813899,KK7014770,123
124,Lucja,Zajac,91508248332,EYG040517,219490436,RR4812235,124
125,Agata,Tomaszewski,83545948778,HRC790116,440054843,GG5512053,125
126,Grzegorz,Krawczyk,25078570160,WPH243962,326691374,SS4396872,126
127,Alicja,Mazur,71694908034,DWI399587,870290654,II4062252,127
128,Marek,Krol,70481234352,YWW057061,684728456,DD2926145,128
129,Emil,Witkowski,90999877794,WEJ438802,917141465,PP0633885,129
130,Julia,Lewandowski,63157354645,PPK808693,379476666,JJ3837739,130
131,Nina,Adamczyk,47385076424,WOP732555,318337120,NN7553107,131
132,Natalia,Krawczyk,09586963057,HXR087648,737106062,LL5032535,132
133,Klara,Wrobel,42699455038,QCQ156651,089825998,VV4651858,133
134,Beata,Jankowski,75755346681,ULZ994747,409539971,UU4401385,134
135,Fabian,Adamczyk,54833795855,HYU835250,623014807,FF2642080,135
136,Alan,Jablonski,32560322818,WGT713342,915193193,DD7635284,136
137,Izabela,Duda,69078715232,ENP028561,140361380,CC3032614,137
138,Franciszek,Grabowski,57048348869,LVL033350,507059271,DD5630326,138
139,Bartek,Ostrowski,33301017600,CUU913670,573910063,EE9829201,139
140,Feliks,Grabowski,67898405392,TPG283391,930639429,EE5002032,140
141,Izabela,Krol,60448332731,MRV633178,654643125,ZZ4116765,141
142,Andrzej,Zajac,12124314672,XOO703336,593641549,TT3066788,142
143,Justyna,Nowak,99869397772,MPQ315951,298017870,TT0470439,143
144,Krzysztof,Pawlak,12891786942,JMC606676,144146017,SS0988139,144
145,Nadia,Wojciechowski,88113997532,FPY701336,338115677,ZZ4699670,145
146,Mateusz,Grabowski,26996801930,OCT556008,666169343,WW7199569,146
147,Michal,Jaworski,50179429443,VWN145768,380481698,RR1461093,147
148,Agata,Rutkowski,25004020540,RPE613493,560098623,EE0406910,148
149,Kamila,Jablonski,83531965559,QOX794659,034236562,EE1075014,149
150,Julia,Michalak,00547204957,GWA414718,569186019,OO2913661,150
151,Marek,Kwiatkowski,56636692495,LDS615809,060346420,OO8156738,151
152,Alicja,Pietrzak,45334855086,BWZ179773,564942193,ZZ9240225,152
153,Maria,Michalak,07746610177,TKW856254,968591585,NN4689452,153
154,Jozef,Pietrzak,97337423224,BCI869019,870263151,VV0785148,154
155,Natalia,Adamczyk,24376348267,WWS340002,746993756,XX9282018,155
156,Krzysztof,Kwiatkowski,24556840932,RPA439184,545258473,WW6605210,156
157,Emil,Nowicki,95225763176,OHA720530,736294923,UU0235266,157
158,Izabela,Kaminski,89998628528,ZWA583993,350770581,PP3571738,158
159,Dominik,Sikora,23409701960,EIS137337,471713365,QQ4045909,159
160,Alan,Tomaszewski,40943872814,SMB761260,796260295,GG2736500,160
161,Maja,Majewski,68669828561,FSW126143,427594442,DD9122494,161
162,Natalia,Olszewski,37159130637,WRI136928,479635967,ZZ8666825,162
163,Halina,Kwiatkowski,31176019094,HRM374365,230287113,TT5675403,163
164,Jakub,Piotrowski,23863396700,PVV578000,940297597,DD8251732,164
165,Lukasz,Sikora,02448561265,ERL925925,519096899,AA9659753,165
166,Beata,Zielinski,46768131090,UBD327949,727917423,WW8779247,166
167,Nikodem,Pawlak,21737001000,LDL566461,798065423,QQ5878029,167
168,Jakub,Zielinski,81822875514,USB564250,552407814,SS7795375,168
169,Ewa,Wisniewski,62710627261,AYG286769,167418074,BB1018802,169
170,Jan,Ostrowski,39353850506,CVZ490744,573373496,YY8570342,170
171,Marek,Michalski,79386347023,RQI205943,364113105,JJ5556876,171
172,Igor,Nowak,71648010074,MBS473564,150093462,RR1758225,172
173,Izabela,Krol,36582137795,PMR267721,011285807,WW4465150,173
174,Igor,Baran,51919189553,GXJ828480,209861294,EE0747908,174
175,Maria,Walczak,19286130890,XRW157339,263100941,UU9307327,175
176,Alicja,Mazur,18556840806,LHN103221,449696660,AA2376856,176
177,Justyna,Adamczyk,88804729431,HNZ198629,640540057,LL7324921,177
178,Andrzej,Zajac,98756020543,ZLD864303,519182204,QQ2384449,178
179,Jozef,Zielinski,43871889477,RFS308355,462153408,TT5331424,179
180,Klara,Malinowski,20103457039,BBC836701,670762337,NN3422876,180
181,Lukasz,Wieczorek,64920375245,AYW453168,213315386,MM3047791,181
182,Marek,Nowak,57356408555,IAI273875,381263255,CC0621156,182
183,Antoni,Grabowski,65546574004,RXD728334,297370126,FF3524734,183
184,Agata,Gorski,38145582828,WNQ614212,094426761,QQ7522149,184
185,Joanna,Pietrzak,28789552317,ILZ998200,965460091,VV8287558,185
186,Cezary,Nowakowski,74224148910,JET068805,690127929,KK6833130,186
187,Amelia,Gorski,43433231164,FWM759988,153530924,SS0232621,187
188,Emil,Adamczyk,28966921194,IZJ901475,765231972,XX6979342,188
189,Karol,Jaworski,22595877919,XWG351235,391158318,HH8863136,189
190,Kinga,Dudek,57525650225,GVB757273,264580612,CC8512516,190
191,Borys,Wojcik,49424055642,JNG537855,758494196,RR4321431,191
192,Jan,Wisniewski,00668810303,LGW401814,917416950,OO7961101,192
193,Kinga,Wozniak,21435614764,RWW972980,154052442,AA0877688,193
194,Grzegorz,Lewandowski,26917362845,WEH209887,172084218,UU4083922,194
195,Natalia,Kozlowski,51672057501,PDK045532,306614741,FF5278671,195
196,Emil,Rutkowski,16751286213,DAH916768,854361609,XX1757522,196
197,Jozef,Dabrowski,13675536937,MTK246893,533715043,SS9906832,197
198,Fabian,Pawlak,47448275370,IFT185906,720521209,VV8408630,198
199,Karol,Kaczmarek,10439849403,MPK435654,564029199,AA0779663,199
200,Joanna,Duda,18832148705,ULT185939,984786488,QQ2863455,200
201,Joanna,Wojciechowski,17315507727,IDH105053,120736523,HH3812768,201
202,Magdalena,Kaczmarek,52206159440,MES315445,335891026,VV0410711,202
203,Jakub,Rutkowski,80642233505,LYB228023,195050900,AA2548953,203
204,Antoni,Wojcik,94856138818,LXJ982857,298274425,EE6045541,204
205,Maria,Pawlak,68044093798,WRK757508,980285264,VV9827330,205
206,Antoni,Pietrzak,63279633498,NQC802503,208984821,HH3569044,206
207,Halina,Pietrzak,59697764347,GEW777401,769243551,BB7885034,207
208,Agata,Wrobel,52319204289,YFE831277,673614166,FF0139858,208
209,Fabian,Wozniak,38812090448,ETD708842,590768518,BB6671781,209
210,Igor,Kowalski,28392818547,PHM272437,250991384,KK8545516,210
211,Michal,Szymanski,21820068660,UPW858443,388985879,DD0350762,211
212,Kacper,Kaminski,41627855788,SMX954343,385871288,RR5861200,212
213,Borys,Lewandowski,41943441376,QPX912014,781602290,CC8546765,213
214,Amelia,Olszewski,14094943585,KAS685032,482079593,GG4857961,214
215,Jan,Kowalski,34288322281,FWM213187,509938202,XX8926351,215
216,Marek,Baran,67013053559,MWO885563,243433431,KK0240652,216
217,Natalia,Piotrowski,97000252665,MQL069878,788764129,WW8081078,217
218,Feliks,Jaworski,51991695693,GXQ944843,003763154,VV3451721,218
219,Natalia,Kwiatkowski,84247383602,VSK859077,416993283,BB3736586,219
220,Fryderyk,Pietrzak,77071437790,IVU235002,727456534,SS8361243,220
221,Kinga,Stepien,76235178360,WNA565896,340786855,YY8764137,221
222,Joanna,Wrobel,91885167696,XEY639949,462661267,CC1684336,222
223,Jakub,Nowak,23459004166,GEX271173,438543646,BB3604127,223
224,Marta,Rutkowski,64815964169,CXE741675,031152648,FF9346005,224
225,Michal,Gorski,71348803853,KIR120091,424609003,GG5120707,225
226,Natalia,Pawlak,10317936302,BEN631509,465771154,AA1475462,226
227,Lukasz,Lewandowski,26424816929,YGZ147334,801504404,TT5975519,227
228,Kacper,Pietrzak,14090645560,BVZ799106,365499119,RR3934992,228
229,Fabian,Jaworski,76330150686,UBR547528,461126445,MM0322434,229
230,Andrzej,Kaminski,76097272362,IHJ914867,133552547,TT6094389,230
231,Agata,Kaczmarek,07369525836,GQX342389,539275713,HH4365686,231
232,Lukasz,Pawlak,89244079355,SWC792235,147177404,VV5547121,232
233,Lucja,Wieczorek,50112460269,BEP280037,720869951,SS9278062,233
234,Feliks,Malinowski,31737274143,NUE955433,305203072,AA3460027,234
235,Anastazja,Kozlowski,84621104378,AMP350562,574293850,HH1106426,235
236,Agata,Wrobel,20434483674,FWA630240,850457809,VV6279830,236
237,Maria,Zajac,71832088677,FZQ773548,949347911,SS7950564,237
238,Bartek,Kwiatkowski,01366663455,YDH774353,714879510,JJ4926059,238
239,Fabian,Mazur,47204609205,TCO131327,240924960,TT9320122,239
240,Grzegorz,Sikora,28038868539,LRG339457,116602451,FF7302205,240
241,Kinga,Krawczyk,06702475631,DGR458155,007756197,SS7964374,241
242,Igor,Sikora,17792642597,MYK101152,993722217,AA7991832,242
243,Beata,Marciniak,32770741522,CIZ011482,690078837,BB6611996,243
244,Fabian,Witkowski,37768144813,YNF973809,510747674,XX0540229,244
245,Justyna,Wisniewski,29530864864,ZDO629946,243871431,WW7550426,245
246,Klara,Krol,55429924032,AQA636464,887860067,FF4586276,246
247,Andrzej,Wojcik,89106208230,PWH108318,933021282,XX4397574,247
248,Alicja,Kaminski,60825686357,UXK830649,009754830,FF1771222,248
249,Jozef,Kozlowski,53452526701,SRA742758,966681176,FF9405800,249
250,Fryderyk,Jablonski,32682550334,MHM121295,635085530,II3135163,250
251,Franciszek,Krawczyk,50380411041,SDZ624358,029653145,MM6367979,251
252,Karol,Tomaszewski,21659994018,PVD892735,087232953,DD4430564,252
253,Nikodem,Nowakowski,80628171368,GHW383678,203420948,ZZ5772127,253
254,Feliks,Kozlowski,62076771739,MHX353190,955563858,TT0825278,254
255,Nina,Nowakowski,23428267660,BYD619311,725802211,YY5395030,255
256,Karol,Kowalczyk,82776900274,NBD591885,180145561,LL7159480,256
257,Nina,Duda,15276046413,AMT587198,176675800,YY4039516,257
258,Alan,Dabrowski,20697513136,TRW727958,544180293,OO1986179,258
259,Marek,Baran,70119874458,GLK332744,963438092,XX7684562,259
260,Franciszek,Walczak,15971615691,ZQT450282,132926700,PP2681074,260
261,Ewa,Lewandowski,16707827396,YAM424070,406279757,MM8419747,261
262,Bartek,Krawczyk,38373791438,QHN773829,438840129,XX2384974,262
263,Jozef,Tomaszewski,30421654421,ISM617528,219489690,PP3979629,263
264,Fryderyk,Adamczyk,42117064472,NBG511724,239454594,MM6651999,264
265,Igor,Lewandowski,48214520059,PBY257540,589384885,VV9416888,265
266,Jan,Jankowski,53444541274,JDX246669,175169631,BB1745220,266
267,Kamila,Mazur,87384852631,PGL353092,126095773,CC0452203,267
268,Nikodem,Zajac,97882703614,AAX031755,634471526,GG8175595,268
269,Kinga,Malinowski,85770788095,TSW366945,610309672,LL9310915,269
270,Halina,Michalak,33540315977,BKM238805,026155503,EE3447313,270
271,Magdalena,Dudek,89081410745,GXU337569,241797839,KK2867474,271
272,Cecylia,Lewandowski,66398646698,MBP753240,873308832,WW1559040,272
273,Jan,Rutkowski,69857622255,BEM476590,777585372,II3813009,273
274,Fabian,Sikora,99130288587,IES243947,422433591,AA9754551,274
275,Kamila,Kaminski,40160565176,TVE909054,232386084,JJ6150098,275
276,Magdalena,Witkowski,92677338542,GGX332009,883697320,TT1960097,276
277,Marek,Dabrowski,44924256991,ZHR169637,437782807,BB3495926,277
278,Beata,Lewandowski,69809451020,KOM657787,986410029,VV4078463,278
279,Justyna,Krol,16459032861,BDC617077,956251176,CC3007540,279
280,Fryderyk,Kowalczyk,51437595166,STQ015952,612941642,FF2853712,280
281,Krzysztof,Rutkowski,92033006358,RFZ760304,323133806,ZZ9247140,281
282,Fabian,Stepien,36155637377,JCF128990,851313327,LL0683731,282
283,Kacper,Stepien,91541124521,IDN504878,617442248,FF3711894,283
284,Dominik,Stepien,62863388072,QYI722766,001451778,KK3230057,284
285,Krzysztof,Gorski,31986619107,JEQ819013,492244587,GG5497552,285
286,Aleksandra,Michalski,72192291651,NOU829266,765060563,YY9601274,286
287,Kinga,Krol,45089116336,JPV637600,527804534,GG1034120,287
288,Antoni,Marciniak,48412382778,PNI014652,282429758,DD7144407,288
289,Justyna,Nowicki,83780835200,ZAJ039303,681052600,ZZ8760361,289
290,Kinga,Rutkowski,01037363562,KLG708493,563320141,GG6545410,290
291,Karol,Wojcik,73505897228,SKE492111,919245842,XX3520508,291
292,Jakub,Pawlak,54756854188,AKU078031,629630838,XX3445062,292
293,Magdalena,Grabowski,35125475844,WGJ492314,756364519,QQ1097827,293
294,Lucja,Krol,63742595861,UHB746248,456807607,OO6651067,294
295,Julia,Kowalski,03763054468,OMK146311,222009538,OO6569263,295
296,Aleksandra,Michalak,71113757262,ZBK866264,265085368,KK6513024,296
297,Ewa,Gorski,67431878779,PVI775762,142866710,NN7438174,297
298,Marta,Zielinski,36953625217,QFL602487,554443045,LL4861472,298
299,Nikodem,Sikora,55932788437,RIC689111,857538296,PP5621718,299
300,Michal,Wrobel,33213542092,JSV783706,366610981,XX4162438,300
301,Adam,Wisniewski,13446429434,UPI536748,415829023,WW0863643,301
302,Borys,Gorski,13651954764,KVX570939,631918698,ZZ2041795,302
303,Nina,Malinowski,89016871607,AGC559689,761693018,OO0474108,303
304,Krzysztof,Krol,41347766960,QUC049698,301114135,UU3058541,304
305,Bartek,Wieczorek,71383413388,UWS847267,227665798,KK8100418,305
306,Feliks,Wrobel,87554095548,FHP455646,606477230,XX6921847,306
307,Joanna,Ostrowski,83695126263,JCA924421,578348872,PP0388600,307
308,Borys,Piotrowski,12496515975,MQV622327,710100032,TT4841605,308
309,Antoni,Piotrowski,05045529321,VEM360337,779797125,LL4207297,309
310,Maria,Nowicki,20314875976,SMY268384,522270120,ZZ4036354,310
311,Maria,Kaczmarek,53137158604,MNE748448,842097196,II7869563,311
312,Franciszek,Dudek,20594884446,DSF886252,096842326,AA2149684,312
313,Nikodem,Pawlak,47094302614,DKF603686,166630976,MM5025886,313
314,Alicja,Michalak,57886387689,RQR628362,209659599,RR8329180,314
315,Emil,Zajac,75623834714,HLV199713,888461118,KK6647454,315
316,Bartek,Tomaszewski,10055045042,JIW279005,868474781,JJ7787292,316
317,Cecylia,Szymanski,65000204626,SQO488098,917204824,SS4241178,317
318,Julia,Baran,12299043876,ORN740138,217633368,YY8508756,318
319,Fryderyk,Adamczyk,65834511094,YMF659184,680377507,DD2410832,319
320,Justyna,Duda,90053780765,EHH978012,931473095,CC6101009,320
321,Natalia,Dabrowski,07537884879,EAS003849,971228781,HH1219258,321
322,Lukasz,Kowalczyk,19493395560,QUV498968,699013622,II6196378,322
323,Justyna,Walczak,85036478392,DNX865209,455107875,GG4701870,323
324,Joanna,Wojcik,26405528771,MZA019851,762982182,VV0828083,324
325,Dominik,Nowakowski,56556507653,SXO399003,138353308,MM0388722,325
326,Lucja,Michalski,42354072291,IHX451867,395237643,UU2053216,326
327,Karol,Wieczorek,42637140097,EPT433842,270076770,QQ2388148,327
328,Nina,Tomaszewski,46801006023,REU237137,660922341,PP7719156,328
329,Nadia,Majewski,50277556061,YGF418916,062915264,AA3654092,329
330,Dominik,Stepien,15862360119,CCA821677,188367214,CC2913843,330
331,Kamila,Zajac,74497915738,ESW200354,666959994,SS6697174,331
332,Lukasz,Pietrzak,20345478974,EPC611089,160251789,KK7234269,332
333,Feliks,Wieczorek,62182088632,VTW380320,267076543,OO8083602,333
334,Lucja,Michalski,28215448249,FMK666066,501014413,JJ1036659,334
335,Cecylia,Wrobel,66849340575,NMB155969,234740701,BB4394237,335
336,Amelia,Olszewski,27460724163,BMA343679,086253866,BB9865965,336
337,Marek,Wojcik,97513260983,OIH197381,974616979,LL1475283,337
338,Izabela,Baran,52116627952,LBR906521,503044563,RR0810960,338
339,Antoni,Nowicki,77003149615,TXB688041,098855073,RR8887275,339
340,Marta,Jankowski,55996327028,NVV865341,999850145,DD5400585,340
341,Bartek,Wieczorek,06494971811,TSV627249,925666799,HH4962330,341
342,Maria,Duda,77998976519,WUY259527,191521168,GG6345167,342
343,Lucja,Kaczmarek,04275844231,SRZ817459,851061050,NN8231744,343
344,Joanna,Adamczyk,19982375059,NNP441971,309651918,KK3347799,344
345,Joanna,Wieczorek,00770092912,SXO918057,380136023,FF9433489,345
346,Bartek,Wrobel,22713284544,KRM261112,895833773,QQ5271906,346
347,Nikodem,Ostrowski,20828668491,KTC211105,449941693,ZZ5437125,347
348,Kamila,Lewandowski,88216373228,XIZ841976,988232423,YY9077700,348
349,Alicja,Szymanski,59358328406,VPW098678,183786714,VV2124180,349
350,Alicja,Rutkowski,04845730779,VAG646760,504911219,FF9363506,350
351,Maja,Marciniak,57225726337,BGV493962,361816350,MM8351162,351
352,Borys,Kaminski,12584648486,VBP008424,859153328,QQ6552564,352
353,Michal,Kwiatkowski,36881707990,OMY015894,261219964,BB4904415,353
354,Bartek,Pietrzak,09231177170,FMN103665,570808146,QQ3517885,354
355,Bartek,Piotrowski,98408598941,VEC505688,975297473,OO2424678,355
356,Magdalena,Szymanski,29163733662,EQY738973,179857466,FF4520251,356
357,Igor,Lewandowski,94883750705,RXF690711,094688814,PP2502616,357
358,Anastazja,Zajac,15277029317,UBX032749,392626913,GG0766357,358
359,Alan,Walczak,15195608202,SXU946279,962584684,KK5056967,359
360,Fryderyk,Adamczyk,79657379797,WVR458256,212518319,VV8483764,360
361,Magdalena,Rutkowski,19670552585,CZN971094,407473132,FF7876616,361
362,Alan,Szewczyk,77993097228,TCC568998,552930432,XX7239407,362
363,Justyna,Krol,13030489992,HVW394412,685153225,ZZ3897247,363
364,Amelia,Wrobel,98581977536,OVX822238,924011386,XX7429327,364
365,Ewa,Wojcik,30081100275,KCS022521,752416878,ZZ5332270,365
366,Cecylia,Piotrowski,26728072462,IJO764096,917501540,UU4334057,366
367,Alicja,Nowakowski,44047785495,QJV791759,058223936,NN3837163,367
368,Nikodem,Stepien,83585124679,QWD871841,632425701,JJ6634188,368
369,Anastazja,Walczak,07262605310,FQJ723770,822270596,LL2142366,369
370,Cecylia,Walczak,68970889380,MMC530659,456875285,TT2457664,370
371,Klara,Adamczyk,27786345742,COW619899,726241205,LL4306391,371
372,Fabian,Majewski,87887246937,PMU083625,042760649,TT3918517,372
373,Halina,Nowicki,82055251924,XBQ758372,642171337,DD3998496,373
374,Maria,Malinowski,76921159281,KEK274189,210915660,UU0237006,374
375,Cecylia,Nowicki,57121625204,YGK520504,225266774,DD5088984,375
376,Bartek,Wojciechowski,06272590285,DWJ995021,795519782,JJ8065305,376
377,Klara,Zielinski,91959854144,WKG395375,523669753,KK3017733,377
378,Michal,Kozlowski,28046363003,QFK758918,932539366,NN0756919,378
379,Jozef,Pawlak,60966715413,WDQ262228,914966378,LL1812442,379
380,Marta,Pawlowski,73488494444,GQO575709,782835684,HH7629003,380
381,Antoni,Grabowski,48576809281,YMR076093,804528739,UU8670837,381
382,Borys,Nowicki,46704362343,WHY932613,136678663,AA2761044,382
383,Amelia,Krawczyk,71405609827,GJF655264,315327065,OO2062055,383
384,Nina,Wojciechowski,50160861188,KYS700677,232745926,NN0115175,384
385,Maja,Lewandowski,44998116925,XLJ970519,274873962,CC5419824,385
386,Michal,Kozlowski,70497364903,DVM319549,093639295,JJ9142321,386
387,Ewa,Baran,16342119315,HJG770298,417644288,II6311546,387
388,Magdalena,Wieczorek,09086775961,ADM190999,086361217,PP7367489,388
389,Antoni,Kaczmarek,39464314481,BJY153805,186019612,LL1633759,389
390,Alan,Grabowski,78487100763,CPP047572,631958977,LL0698408,390
391,Ewa,Ostrowski,87430274232,SRT653444,915922028,LL6486141,391
392,Jozef,Jaworski,60628178576,ISV828718,455653899,AA5724893,392
393,Borys,Krol,54911602714,RCS934266,446738841,FF0616174,393
394,Franciszek,Jankowski,56440770329,RJR382924,352492629,KK9323472,394
395,Anastazja,Tomaszewski,85010359063,FRZ987323,414650163,FF7129420,395
396,Jozef,Witkowski,51953865718,VBK532967,564474841,QQ5911258,396
397,Joanna,Kwiatkowski,60893511512,TBK699802,317516871,SS3550609,397
398,Karol,Rutkowski,52884763346,ZON000160,061084518,VV0115037,398
399,Maja,Gorski,42276657233,HGH135019,139362389,KK1510815,399
400,Cecylia,Jaworski,35783524550,PAS531770,171163117,VV6655461,400
401,Cezary,Pawlak,23796456633,QEN381037,288001172,NN3299715,401
402,Jozef,Kaminski,12214279372,YQU823296,373142902,TT1646355,402
403,Alicja,Wozniak,40678926364,AVO793506,867595995,TT8429121,403
404,Marta,Malinowski,24762034039,XZI166297,797815877,DD0557750,404
405,Julia,Stepien,11606868242,FVA276820,436383662,NN2339837,405
406,Alan,Pawlak,21663451891,ESM603488,698712224,MM8602053,406
407,Nadia,Kwiatkowski,47909529402,CAJ691743,561452354,UU9858323,407
408,Mateusz,Wieczorek,49884405987,NEC182722,796766325,SS6735497,408
409,Alan,Michalak,13912355668,EHD439905,382303669,EE7593859,409
410,Maria,Grabowski,09991830118,JIB392566,342485192,MM2356589,410
411,Kamila,Pietrzak,01777889954,HHO962342,701583628,SS4484077,411
412,Izabela,Szewczyk,13030810062,NXD644254,986816489,QQ4156342,412
413,Fryderyk,Jaworski,50442264260,FKR006456,299104644,FF7277281,413
414,Jozef,Pawlowski,75314076006,NOJ612745,220572396,NN0828200,414
415,Michal,Nowicki,53434835203,BVY651966,238628094,VV3567969,415
416,Lukasz,Krol,54069069557,MGF012095,128261649,TT8387757,416
417,Maja,Krawczyk,20848521524,VRL166868,918604387,SS8580737,417
418,Marek,Zielinski,26079370563,EPI481158,580688719,DD2771848,418
419,Natalia,Dudek,65337390298,SWZ278021,367330090,CC0373342,419
420,Marek,Gorski,52199362873,VLU785651,179899941,GG8662345,420
421,Agata,Stepien,14251601510,RAW243338,368937488,XX0837710,421
422,Jan,Wojciechowski,55302784810,KZF652999,253376277,XX6284011,422
423,Franciszek,Kowalczyk,34688556071,SYM966949,733190186,XX6278760,423
424,Magdalena,Pawlak,43978483780,IGN469009,889688625,AA7468541,424
425,Andrzej,Jablonski,08925102618,VHT062585,620706917,AA4474678,425
426,Nadia,Kwiatkowski,59579655866,WDN827794,145716215,TT4305072,426
427,Anastazja,Zielinski,06311280142,EHV567061,467423244,SS0918937,427
428,Nina,Kowalski,07542868970,EZV846752,408417605,VV3867179,428
429,Marek,Grabowski,52391499712,SBU687046,848112742,RR1229663,429
430,Jozef,Kowalski,24635939089,ABW799653,824166045,BB1554983,430
431,Fabian,Nowakowski,56089606149,IUR779993,092817094,QQ9205306,431
432,Marek,Adamczyk,17438690906,NRP050910,611137078,YY2841861,432
433,Jakub,Tomaszewski,76109007800,KYI738880,977475463,WW6960784,433
434,Fabian,Krawczyk,09292483897,ZNF339189,450307432,NN1097032,434
435,Julia,Szymanski,32826987074,SSL488970,341689956,NN3083425,435
436,Klara,Michalski,03001070140,RZG927331,542383506,NN7195380,436
437,Antoni,Grabowski,50779676594,FLZ711934,710664084,AA6643503,437
438,Lucja,Kozlowski,49658078683,SKC268425,957186572,PP0172506,438
439,Agata,Wojcik,72429659251,IRA740918,790260808,QQ4916364,439
440,Mateusz,Adamczyk,12819370592,OTG761064,768025255,QQ9037306,440
441,Maja,Adamczyk,06072287110,XQV972923,160338214,NN3539235,441
442,Cezary,Walczak,44144574259,JIP113463,518983961,DD7882500,442
443,Izabela,Wozniak,53636717752,WXB913217,936284361,ZZ7172798,443
444,Klara,Wojcik,22922743188,QHN078603,174858045,NN2166439,444
445,Alicja,Jankowski,58528106864,GZH535094,572284981,OO7769486,445
446,Agata,Krol,95273844249,AVC104019,824909943,ZZ3883368,446
447,Halina,Jaworski,97401950349,SSE499554,958326997,XX7965759,447
448,Antoni,Kwiatkowski,36540645233,XIR218668,223814978,KK3952476,448
449,Julia,Wojciechowski,58872752879,UVC356001,662750744,KK3815304,449
450,Jakub,Nowak,74419972339,YUW498271,860703092,LL8816316,450
451,Ewa,Kozlowski,31807596028,IRM621429,361846213,KK4814939,451
452,Amelia,Pawlowski,94672208564,FAT205411,562322437,YY1026531,452
453,Justyna,Tomaszewski,36818619286,TMH686662,035486706,XX4362434,453
454,Fryderyk,Sikora,23752885828,GNP851271,468727693,VV6139708,454
455,Antoni,Szymanski,85746168848,HMF413536,066393266,KK5615705,455
456,Borys,Kozlowski,34736538001,KTI610929,338387287,LL2110951,456
457,Krzysztof,Marciniak,63900868336,LGV509599,021623367,LL4092460,457
458,Marta,Wrobel,75124549790,CGY400772,529934092,WW6287046,458
459,Magdalena,Zielinski,06173576360,ATF676706,460249976,HH5968476,459
460,Adam,Zielinski,71700363914,LYJ873467,068271280,QQ1834014,460
461,Marek,Szewczyk,17223750941,VKU813203,661810587,AA2009419,461
462,Cecylia,Kozlowski,24979663014,RYL457225,338349834,YY6816765,462
463,Marta,Dudek,70068229403,HDF111571,344311251,BB6269936,463
464,Karol,Kowalczyk,39591058021,ELT620329,966097905,SS4692622,464
465,Halina,Nowak,48431148214,RIG400745,609638048,KK3251473,465
466,Joanna,Duda,57072088223,NFZ129844,920538917,OO0412914,466
467,Anastazja,Kaczmarek,41793959225,ZHA266915,773034780,HH5194637,467
468,Grzegorz,Pawlowski,17707009493,SQC783739,291415074,TT4058554,468
469,Lucja,Michalak,94576345963,BII768881,466835218,CC1084686,469
470,Marek,Zielinski,16596925990,YIL676465,996654312,PP0268379,470
471,Izabela,Wojcik,87951015448,OPP271409,102682862,GG9528908,471
472,Grzegorz,Krawczyk,41319067118,CAK318113,589098497,BB0795910,472
473,Cecylia,Grabowski,41039121296,VTK445055,707095568,GG5591735,473
474,Krzysztof,Wieczorek,60459251195,GRQ611453,174905905,XX1988330,474
475,Adam,Pawlak,38270806669,KJL855114,795482003,CC2162767,475
476,Antoni,Szewczyk,90321201520,KTS182196,274097966,MM2474616,476
477,Fryderyk,Adamczyk,02265255785,NYL541691,963218150,MM0544618,477
478,Bartek,Wojciechowski,25921985106,XER824888,175686012,OO4239366,478
479,Nikodem,Walczak,39448541033,BJU211854,759271346,GG0452604,479
480,Aleksandra,Nowak,04341247906,WQG136458,723756639,UU3499693,480
481,Kinga,Sikora,14731313611,TZU300198,177772744,RR0748519,481
482,Maria,Grabowski,49499900303,XMZ366148,541378161,VV3008099,482
483,Dominik,Jankowski,89870513776,ANO709453,007894883,MM8359297,483
484,Cezary,Gorski,11538031859,JFH002159,495810324,YY3231376,484
485,Bartek,Walczak,11883203858,DWS121358,893435373,HH1984589,485
486,Nina,Duda,40933840750,ORR043470,767577779,MM4241179,486
487,Justyna,Kozlowski,52840627955,PHV702545,476561002,SS8865309,487
488,Maria,Adamczyk,42926049099,LYA345688,398998110,BB5678284,488
489,Kamila,Lewandowski,34907308122,CBU722681,882575475,RR6072380,489
490,Igor,Olszewski,38677248211,RIB398148,397646604,GG3979035,490
491,Magdalena,Wozniak,77480828887,RTA014480,119984857,EE0880480,491
492,Bartek,Walczak,60396015150,VKY747254,224834269,ZZ2968205,492
493,Igor,Wozniak,67943919146,AWG493846,794036620,II8552320,493
494,Borys,Grabowski,92300683131,EXE103533,240695513,TT1819425,494
495,Alan,Malinowski,50053132188,SXB179022,501436182,OO6502628,495
496,Kamila,Olszewski,73130416701,VTY380193,828645428,XX3671721,496
497,Ewa,Zielinski,88915553975,AJP230581,797468602,AA4582816,497
498,Aleksandra,Michalski,81418630415,AKY258387,805581439,MM4022249,498
499,Mateusz,Majewski,21183454975,LPU137343,439740117,FF1859555,499
500,Emil,Duda,96098797440,IFB262919,164184304,TT4251698,500
501,Cecylia,Witkowski,51926377811,ICH241337,446308380,AA0530348,501
502,Marta,Pawlowski,91126320528,SWJ325346,831649852,BB6699662,502
503,Jan,Mazur,68877921445,QVJ102458,537358701,NN7799265,503
504,Amelia,Pawlak,55343034661,IZU397016,795393427,LL7425484,504
505,Cezary,Gorski,80237649823,XJN404011,908177858,OO9373691,505
506,Anastazja,Nowak,09308144482,ERQ212627,941861992,MM8048901,506
507,Lukasz,Kowalski,33593750086,NCN262498,924989678,ZZ7309229,507
508,Aleksandra,Olszewski,59373770764,DJV699707,412818543,TT6399180,508
509,Kamila,Ostrowski,97635015563,QAR569490,324378294,BB8418823,509
510,Kamila,Nowak,41742355686,AHI968142,347104211,DD1594400,510
511,Fryderyk,Witkowski,87659344999,QLI097152,470438119,MM4373774,511
512,Magdalena,Krawczyk,64857721906,PNN082817,854728046,KK1664494,512
513,Adam,Pietrzak,67847905202,XVM485114,845347029,DD5057810,513
514,Antoni,Zielinski,51459716906,JJP408663,416545243,NN3839355,514
515,Marta,Nowicki,60742758729,HCF758906,909705099,EE5808687,515
516,Jakub,Walczak,61335055468,VKF047305,522502216,UU0977766,516
517,Nina,Rutkowski,76389132361,BFZ220265,561146537,II5259469,517
518,Andrzej,Michalski,99263347595,ETP054857,365824921,II0655088,518
519,Julia,Ostrowski,55156531134,NLM659078,800993390,DD0995522,519
520,Mateusz,Pawlak,79875814406,HXW564536,385893306,EE6376702,520
521,Grzegorz,Adamczyk,51481036808,QRW429623,008692960,II2212602,521
522,Ewa,Dabrowski,73160987354,JDL555841,969502336,NN1296813,522
523,Emil,Wieczorek,57689957607,QZM906473,904987810,PP7216101,523
524,Halina,Jaworski,08782792872,GAT665192,722659470,SS6346569,524
525,Natalia,Michalski,17123813580,SBS120622,331658556,LL1530558,525
526,Halina,Stepien,11467734535,RAX049634,879934368,JJ2090443,526
527,Alan,Szymanski,96426179234,WWM377580,681669717,SS7607771,527
528,Krzysztof,Kaminski,79470498534,SZT426551,735182229,DD1644547,528
529,Lucja,Pietrzak,92862789704,IVD410678,048419609,NN1655089,529
530,Maja,Duda,78072862419,UMI670654,388414590,UU9041761,530
531,Joanna,Baran,50432891308,GQJ338712,373652327,XX1872702,531
532,Michal,Pawlowski,34259770771,IDT269875,271658195,RR9171208,532
533,Nikodem,Wrobel,34923394307,GMS549941,716211166,QQ4337639,533
534,Andrzej,Olszewski,66793288040,OIL160541,697683016,OO2961717,534
535,Lucja,Michalski,11750465094,USC837066,459173481,PP8509288,535
536,Antoni,Szymanski,26177968245,MKH768114,661524801,UU3744189,536
537,Igor,Baran,91852149909,QOJ704322,168882704,BB8355001,537
538,Grzegorz,Kaminski,40231361789,BCN711285,331556788,ZZ0974307,538
539,Alan,Michalski,87537406568,JSM702815,119512156,MM8371352,539
540,Ewa,Rutkowski,87163916742,IUU211687,674254525,EE1743829,540
541,Feliks,Kowalski,29719374182,SXN995878,034516363,GG2017277,541
542,Cezary,Piotrowski,17476401213,HWP572210,237229162,ZZ8372697,542
543,Fabian,Nowicki,49062657695,SCA273594,586365624,TT4236224,543
544,Izabela,Stepien,25138563619,JZA983805,433408180,TT8211638,544
545,Jakub,Wieczorek,41411158723,KBB433607,577309068,ZZ4360869,545
546,Adam,Kwiatkowski,81471939918,UVW835163,793370322,II8218868,546
547,Cecylia,Ostrowski,36330930811,BLO892396,693771752,SS7884943,547
548,Igor,Duda,28826360993,KOD587663,519675826,SS3796130,548
549,Cecylia,Pawlak,19936750091,BNA510077,563899485,UU2853982,549
550,Marek,Nowak,10264917567,QDP477192,266402225,QQ6348893,550
551,Alan,Kaczmarek,80032795745,PHL866074,447731550,DD9769947,551
552,Natalia,Michalak,26469368726,VZK519439,327841188,PP8802274,552
553,Agata,Kowalski,08008971754,HGX915255,007174676,FF6038404,553
554,Klara,Krol,50691754287,UZI999077,167866195,EE6324648,554
555,Kacper,Walczak,32543453138,CVU749938,597800360,KK8427158,555
556,Klara,Nowicki,95051940638,XEI652645,786479556,BB6433230,556
557,Michal,Kozlowski,88251948243,PCJ956025,209158337,GG7403955,557
558,Marek,Wozniak,43545384454,CPE067306,929656335,QQ3132761,558
559,Jan,Jankowski,90229526192,FBY313328,988926542,RR3390229,559
560,Grzegorz,Szewczyk,21539510216,SOT734580,171532751,OO9249930,560
561,Justyna,Piotrowski,54030392125,LJL943997,198231028,FF4988538,561
562,Feliks,Rutkowski,82622404623,PDH985072,475891628,SS1572846,562
563,Dominik,Wojcik,02406257552,ILY680966,095245566,NN3394180,563
564,Jakub,Tomaszewski,49158586628,YUR219657,044162663,TT8376847,564
565,Magdalena,Kozlowski,52090084474,SXV428254,337420094,MM7481710,565
566,Mateusz,Pietrzak,41695005070,AEN779131,782836312,OO8879574,566
567,Krzysztof,Szewczyk,44220811865,PIB804165,626783289,CC3361226,567
568,Beata,Krawczyk,85868675298,VIB793421,466208198,EE0260933,568
569,Alicja,Kwiatkowski,12759657885,ORC021788,705546011,GG6599727,569
570,Jan,Stepien,20300048448,BGV735479,135436741,II7218976,570
571,Franciszek,Zielinski,04470243261,WQG131741,296356671,DD1821117,571
572,Borys,Kaczmarek,31769235788,VET528216,718291726,ZZ3036928,572
573,Marta,Szymanski,33049797583,TYN464991,077914522,FF5925137,573
574,Alan,Marciniak,21295016754,GZA413089,544497353,OO5273259,574
575,Karol,Jablonski,27029684725,BYK653068,761806697,ZZ7955191,575
576,Maria,Olszewski,27115329793,YTQ413492,765650211,DD6438573,576
577,Klara,Dudek,31324531354,VBH023248,802954605,BB0499030,577
578,Cezary,Wisniewski,90517143584,UWS569992,208831828,WW8669168,578
579,Fabian,Wojciechowski,05075759498,UGC229997,156691384,QQ3503735,579
580,Nina,Dudek,29163318664,SNE502663,862187559,WW0239630,580
581,Michal,Kwiatkowski,31587863725,RNR639727,495406221,GG7620244,581
582,Natalia,Ostrowski,87716452835,MXF844138,429078920,PP2066356,582
583,Beata,Mazur,71162835778,TEW555887,951947416,II1122123,583
584,Cezary,Nowakowski,45035497715,HWX590533,918300136,FF1982845,584
585,Nina,Wisniewski,22223437910,XLU476739,686841700,GG8056959,585
586,Antoni,Pawlowski,32304096980,UIE296843,590600509,TT6228694,586
587,Emil,Lewandowski,00724089173,JRD237856,576420807,DD5653053,587
588,Mateusz,Rutkowski,43033043002,QFN706452,172472977,PP0705351,588
589,Michal,Szymanski,54558900480,MSD144068,006386004,HH3943701,589
590,Nadia,Malinowski,47152078899,HKN737790,115015200,BB6775161,590
591,Klara,Nowicki,70430203874,QLS703202,919416899,JJ5798151,591
592,Aleksandra,Majewski,85722570981,HKC890368,274212892,KK7052931,592
593,Maja,Olszewski,24764957116,PRU153562,405524004,XX4279141,593
594,Adam,Walczak,92200033078,LLL715565,313480527,UU0547774,594
595,Lucja,Michalak,05582094670,WUA865044,107367938,GG1287638,595
596,Emil,Kaczmarek,67820909573,ZNJ790508,977617793,FF3749679,596
597,Nadia,Krawczyk,11013852322,WJE453960,689393075,NN7288752,597
598,Kinga,Dabrowski,40666720987,QSD566954,109382734,II4850247,598
599,Fryderyk,Jaworski,13166714642,VJC197136,654331191,EE3633443,599
600,Igor,Pawlowski,74468300784,DJZ692967,432073140,XX7598249,600
601,Krzysztof,Wojciechowski,60171591891,PCQ630812,822205383,YY2175283,601
602,Nikodem,Zajac,25893174558,UPC988350,905056735,JJ9546802,602
603,Franciszek,Michalak,02665993049,XGZ693044,483693550,MM3219886,603
604,Ewa,Ostrowski,14393783880,VUH072143,796014507,TT1262611,604
605,Karol,Szewczyk,26185651943,WYF084596,762692277,WW3782362,605
606,Maria,Pawlak,66169340373,BQL337713,590572840,LL4210519,606
607,Emil,Olszewski,28554660221,QTA657988,885140732,II7909681,607
608,Franciszek,Michalak,43210935518,XFN939832,246536318,AA6221376,608
609,Jozef,Walczak,87836820907,TEE731599,336322429,WW5544581,609
610,Michal,Olszewski,42917355992,DGP190851,766484373,II3608025,610
611,Halina,Witkowski,61621036360,MHV743307,716548797,MM3264642,611
612,Aleksandra,Gorski,61447559791,QOY443905,379497245,EE5819086,612
613,Jan,Majewski,64142879878,LQE074890,175391991,QQ3740471,613
614,Aleksandra,Szewczyk,47373497489,YTZ867533,508207928,BB1095929,614
615,Agata,Dudek,24084187577,DWR620598,180694452,EE0356522,615
616,Halina,Witkowski,14738340719,WPD321022,268315212,GG4032911,616
617,Nadia,Dabrowski,09027109609,RYU879346,280108259,OO8072077,617
618,Justyna,Rutkowski,17439377806,HCZ893261,662370194,UU3686811,618
619,Kacper,Stepien,25680116073,WFL638347,746005365,II1905878,619
620,Michal,Jablonski,82289939845,IXN431903,850839378,CC3170330,620
621,Jakub,Michalak,86800225448,XFF542841,475308745,CC8790956,621
622,Fryderyk,Wojcik,75630803925,ULE619488,027782219,HH1422403,622
623,Marek,Lewandowski,44225811302,BMQ163508,611351650,YY4819608,623
624,Maja,Kowalski,09867974149,AIR542913,160028885,GG8429037,624
625,Emil,Tomaszewski,85035302811,QNI961883,933900523,DD5962951,625
626,Dominik,Wrobel,45400083618,KSG447204,208533826,VV4328295,626
627,Anastazja,Krawczyk,55995892865,JRV315479,129075322,AA8988638,627
628,Jozef,Krol,62943457086,LKB556506,856321040,XX5689443,628
629,Karol,Szymanski,56266745794,QXP172816,603002243,VV6576819,629
630,Anastazja,Zielinski,90986327771,QAF389275,969159440,SS4722254,630
631,Karol,Adamczyk,82834946455,LFL846909,928119593,BB0480628,631
632,Marek,Kaczmarek,61270911705,RII220802,289994366,EE6434771,632
633,Dominik,Dabrowski,27384575553,XFV391216,878993237,DD6937889,633
634,Aleksandra,Jaworski,88566273471,SBE800900,389396347,YY0307864,634
635,Karol,Olszewski,53763885162,PGH486186,455452628,TT0210289,635
636,Michal,Szewczyk,28948648042,YRY466734,578834645,YY7558270,636
637,Aleksandra,Baran,96609780208,ZDD852956,783870114,TT4092150,637
638,Cezary,Dudek,94628718253,IXU061647,402854691,NN5412137,638
639,Beata,Zajac,80766975163,POL277362,160459545,RR5840911,639
640,Klara,Szewczyk,93532417228,MUY239205,504105597,II8236174,640
641,Fabian,Ostrowski,81902693962,QWE102292,665563884,SS0659383,641
642,Igor,Mazur,92773713174,VHV860982,685093655,GG7135934,642
643,Lucja,Kowalski,34559816156,YWG874150,006172301,CC3091248,643
644,Joanna,Kaczmarek,70998565280,ALI889101,736362377,MM5512809,644
645,Franciszek,Nowicki,21053603248,WMJ759122,127360783,CC8179978,645
646,Izabela,Rutkowski,96323315776,WJD052592,142279440,PP3363692,646
647,Feliks,Wrobel,57582529982,RJS915167,796030318,GG7222187,647
648,Adam,Kaczmarek,69586991806,CGR719948,427870809,OO2177609,648
649,Alicja,Pawlak,76548727901,OVR570828,487084459,DD8434251,649
650,Nina,Witkowski,78906464909,BDV775675,284834732,UU7714481,650
651,Jakub,Pawlowski,84089486690,EOE308625,835984244,FF2327705,651
652,Ewa,Wrobel,98699214607,XPQ267374,814875554,NN3062081,652
653,Nina,Nowicki,51264802029,KIL473423,194460936,YY2258964,653
654,Grzegorz,Kowalski,11061975848,VUR339193,228206148,CC0062219,654
655,Igor,Kaczmarek,24821692848,QEY227576,570850547,AA0358154,655
656,Kinga,Szymanski,47265378692,DQS145507,627506700,FF2346072,656
657,Nina,Tomaszewski,53181933440,LFH761610,081772122,CC4053250,657
658,Igor,Kaminski,15080289842,MJA130369,347342312,DD7773971,658
659,Fabian,Dudek,89403275155,DUY718063,867842383,SS2506122,659
660,Cecylia,Wieczorek,83088866719,DKW277824,447297194,CC8640729,660
661,Dominik,Stepien,52871951449,WYA478167,571217189,RR7537149,661
662,Anastazja,Zajac,77715039565,OUX512456,084531206,ZZ8879187,662
663,Halina,Wisniewski,99390068862,PPQ953078,555169251,PP7050002,663
664,Justyna,Witkowski,94106062351,HNG653310,621927452,CC2142046,664
665,Karol,Olszewski,30163287667,RSO837608,431892092,QQ2753195,665
666,Krzysztof,Witkowski,00679970950,DTZ065598,952806964,QQ0487473,666
667,Grzegorz,Szymanski,39348996771,YAR828299,048815543,MM5508930,667
668,Antoni,Gorski,73074896404,JZH317267,810851808,LL3621542,668
669,Kacper,Szewczyk,88271182249,YJV882353,818572799,BB4673719,669
670,Mateusz,Jaworski,76678056432,NMX761773,288375940,QQ0773693,670
671,Justyna,Kozlowski,00925972610,WID411044,497976556,ZZ0589084,671
672,Alan,Sikora,39985053785,GKU029651,275029086,FF5851079,672
673,Julia,Adamczyk,53119452413,CUE924648,315771847,CC7390570,673
674,Julia,Majewski,29935182229,YLO878667,750628110,EE0382612,674
675,Mateusz,Nowicki,46726275461,RBM254306,986826728,KK1971454,675
676,Aleksandra,Rutkowski,52897406459,JDM668045,229078580,II6995071,676
677,Alan,Nowicki,07050950391,ONM261014,042847500,PP4251676,677
678,Krzysztof,Pawlak,51080978770,MDN909236,675514660,BB7275609,678
679,Mateusz,Kaczmarek,76897674395,OTN620956,070440680,VV1248105,679
680,Justyna,Michalak,96794886240,EOC070461,859225623,BB3473895,680
681,Fabian,Zajac,37962005869,IUL446654,200759305,CC9016173,681
682,Jozef,Malinowski,86819923236,CJS196912,898138785,JJ2436452,682
683,Anastazja,Olszewski,92706796314,FQQ103708,040754154,II1178863,683
684,Aleksandra,Nowak,04238694069,WZZ999463,278490833,AA3298501,684
685,Michal,Pietrzak,89112962446,FMT007246,509846294,PP9425602,685
686,Dominik,Pawlak,80585119661,YDW603943,796561747,TT3829719,686
687,Nadia,Sikora,22232729760,HPE665874,190947199,JJ6821468,687
688,Jakub,Wojciechowski,07920438550,FCU403340,399332891,PP2330451,688
689,Maja,Dudek,47197576014,PNV298198,350189308,KK7950067,689
690,Magdalena,Dabrowski,27082219492,LVO928074,266720257,FF1376484,690
691,Karol,Olszewski,82490850944,HXE822286,725538397,WW4263380,691
692,Cecylia,Nowicki,55509400722,PRU496624,116568780,OO9782171,692
693,Nina,Wojciechowski,59650314351,CUH599091,355572931,PP9603846,693
694,Cezary,Pawlak,26997070642,GKD163276,081387728,XX6029598,694
695,Ewa,Jablonski,58630710458,FMG028091,771552473,SS1416069,695
696,Ewa,Nowakowski,67353151652,GBY416471,974240052,RR1564878,696
697,Igor,Rutkowski,99289383847,WZC776303,034292960,YY0957433,697
698,Jakub,Olszewski,03380661457,DKS380138,382768350,ZZ1599621,698
699,Natalia,Nowakowski,12267848879,BGI531874,889131869,NN0792738,699
700,Franciszek,Malinowski,81472571448,GZM623572,276818621,EE8495825,700
701,Michal,Jaworski,97353665453,HGN412938,691185869,II6921143,701
702,Kacper,Krawczyk,62155469181,GTI283142,935308923,RR3930851,702
703,Krzysztof,Majewski,12734429916,PFJ435783,439479688,II6400152,703
704,Fabian,Zajac,33000299355,ZWN521275,933679189,PP7807214,704
705,Cecylia,Michalski,18001049491,ZQT712987,205124663,NN6007441,705
706,Halina,Kozlowski,59957916693,MIA321943,639524626,YY4929433,706
707,Fryderyk,Pietrzak,67410618613,HON763626,628392978,GG9050190,707
708,Bartek,Jaworski,13996436388,HCQ993095,714748674,YY9307445,708
709,Grzegorz,Baran,44845930269,SBJ948305,450934074,XX3082743,709
710,Krzysztof,Baran,26074057426,ILJ560645,076906754,SS9444738,710
711,Lucja,Gorski,09199050755,QBJ757817,827660200,RR8451602,711
712,Igor,Rutkowski,43240711079,IVG821772,284342299,FF0601944,712
713,Karol,Gorski,20327349633,GNE023818,868599416,AA5436451,713
714,Antoni,Jaworski,05588680899,EYK727588,060576737,KK8352210,714
715,Antoni,Wojciechowski,79194465277,DOI291708,203173815,NN2480034,715
716,Fryderyk,Szymanski,49224505783,TCM240690,532833010,NN5365056,716
717,Jozef,Majewski,71676437580,EHZ497085,488306125,II9547237,717
718,Joanna,Kaminski,10074045548,RER144451,626905416,KK2749137,718
719,Feliks,Szymanski,48889568650,WCX801178,231602700,ZZ1763771,719
720,Julia,Jankowski,75053890145,STJ117334,752833957,WW7905794,720
721,Emil,Krol,81024647795,GKN020603,662185965,OO2367496,721
722,Marta,Witkowski,92788681857,XAJ818436,951175391,PP6768046,722
723,Alan,Jankowski,70948456872,SIL021838,439526680,QQ8758577,723
724,Anastazja,Wrobel,54456039899,AWI810966,401494291,OO2367378,724
725,Kinga,Wrobel,52101680288,OXQ404543,285947973,VV4686928,725
726,Magdalena,Pietrzak,67222359250,YOB380975,588058562,TT0177449,726
727,Bartek,Jaworski,69182174895,DIL795420,086458393,OO8728648,727
728,Emil,Walczak,86185286020,AGI027513,118297826,JJ6460586,728
729,Dominik,Ostrowski,96062248516,YSF593519,672903450,JJ2375095,729
730,Emil,Kaczmarek,84055367629,SAW302040,304326385,OO1091460,730
731,Andrzej,Wozniak,20683973696,NAM115972,374394994,CC7308005,731
732,Izabela,Ostrowski,62242840822,MTT417915,254274482,ZZ6349146,732
733,Joanna,Mazur,23008542236,GNS317540,501745980,TT3760590,733
734,Alan,Rutkowski,46503375484,JCH331014,965600490,XX0370151,734
735,Jakub,Mazur,94905662032,KVZ698153,552122217,SS2918264,735
736,Bartek,Szymanski,15367419216,YMK827284,128799535,II5886680,736
737,Jozef,Nowak,42158036086,UUT203172,756824930,PP9610038,737
738,Adam,Nowak,05797114433,XKJ223994,976955727,LL1939585,738
739,Michal,Rutkowski,53867894888,HLW505893,302527144,WW8535966,739
740,Marek,Wozniak,89958214851,ZRZ971831,105693946,WW4600769,740
741,Halina,Kwiatkowski,41059585717,WVY583439,950543616,XX4782265,741
742,Fryderyk,Pietrzak,29197860896,GZF192268,658513578,AA7772623,742
743,Justyna,Ostrowski,38659384146,UGS628220,893076561,CC5845887,743
744,Igor,Ostrowski,86205004187,DUI056872,260572107,II5743816,744
745,Emil,Witkowski,22806477313,FBD784520,087240304,DD3410007,745
746,Marek,Sikora,80735774311,PUN483150,447089571,BB5066863,746
747,Antoni,Pietrzak,37815395440,WIB834017,816098734,SS5272791,747
748,Cezary,Michalski,99058625301,TAY450919,313077812,EE6869775,748
749,Izabela,Krawczyk,66558099101,NWZ611005,296380544,RR1598827,749
750,Andrzej,Stepien,98290274728,WHG464100,655292847,AA9302731,750
751,Halina,Jankowski,24460477112,XSX681316,365288499,QQ9564287,751
752,Maja,Marciniak,99893250469,FXA699961,853023770,QQ9980774,752
753,Franciszek,Lewandowski,73350852744,AIQ814080,332138340,BB3612785,753
754,Mateusz,Pawlak,40540068063,ACT417569,675240488,VV4853165,754
755,Karol,Jaworski,89974753670,IWQ319043,798636060,YY2997459,755
756,Antoni,Kwiatkowski,16010555348,IRA937782,438184569,YY7982162,756
757,Agata,Sikora,76145038774,BFE665893,164612444,GG4994489,757
758,Cezary,Jablonski,52048377182,EIP154736,162628406,UU4288890,758
759,Fabian,Zielinski,56608690600,XMK640139,610028229,SS7991841,759
760,Klara,Kozlowski,99443269467,MVH462224,785555429,CC0330033,760
761,Feliks,Stepien,00023980670,UGF064259,677421787,KK8397911,761
762,Alicja,Walczak,84240480160,IZB425265,356648183,NN6529272,762
763,Jozef,Dudek,67866861316,WIA064055,309315834,LL6161744,763
764,Feliks,Szewczyk,38699382002,RQP986604,740031334,KK6108875,764
765,Lucja,Pawlowski,97564142695,JPI345385,392003737,OO3408826,765
766,Maja,Pawlak,55644361662,SNQ415360,019747023,CC5647363,766
767,Joanna,Rutkowski,90128017168,TYN852413,496386972,XX1173573,767
768,Halina,Wojcik,97327371524,RBZ351570,822965896,II3411625,768
769,Grzegorz,Adamczyk,00202089509,EIK053473,648875555,VV6501423,769
770,Jan,Wieczorek,75357382425,DHF011653,126908020,HH9550004,770
771,Kamila,Szymanski,27741299140,WTI638667,032475965,CC0932668,771
772,Joanna,Piotrowski,66261403508,HGL930379,452745018,QQ0204737,772
773,Agata,Pietrzak,09974495240,OGI816527,360892846,FF2373580,773
774,Klara,Kowalczyk,86167342461,ELX565762,157789458,OO5504023,774
775,Kinga,Duda,01321262999,GML953035,584629983,OO3659609,775
776,Dominik,Ostrowski,59913649945,BVO295973,236895303,XX9005782,776
777,Maja,Tomaszewski,57488973223,BMX421780,662986478,YY7252745,777
778,Krzysztof,Zajac,00220077262,DJF828132,039945760,WW8125235,778
779,Alan,Tomaszewski,64430806904,XAV104574,881271624,BB0650782,779
780,Marek,Grabowski,80384598323,UCR584560,331272655,PP4458720,780
781,Nikodem,Marciniak,50408176789,TGJ004584,997984889,EE0816622,781
782,Ewa,Majewski,48303306091,LWN974558,709713972,JJ4121495,782
783,Lucja,Olszewski,42211480074,RVD683402,102955678,PP9435933,783
784,Lukasz,Gorski,52152236722,HZA767723,989303629,JJ1951359,784
785,Feliks,Szewczyk,18729877941,RQY354739,263920342,FF8723988,785
786,Jan,Baran,92148098219,SJE941686,270617128,DD5814616,786
787,Antoni,Grabowski,07873994969,PTO938979,116169631,II0015481,787
788,Nadia,Pawlak,49331948293,ADS572484,383453065,QQ5226714,788
789,Maria,Malinowski,17998761508,PVP561108,942501850,II9323670,789
790,Nina,Dabrowski,70113658778,ESH797712,477065854,CC4410794,790
791,Ewa,Lewandowski,27380381599,TPB311566,642426667,BB7709889,791
792,Maria,Adamczyk,62699538715,OEZ977128,393560135,II3679621,792
793,Nikodem,Kowalski,07465612376,RJW548623,639310039,XX0757290,793
794,Lucja,Gorski,83531555821,XZT446655,182976770,CC4841817,794
795,Antoni,Kozlowski,44970555995,ZHL246363,310815915,SS7859993,795
796,Kacper,Nowicki,84871369926,QKQ276651,180410577,RR0298698,796
797,Magdalena,Kaczmarek,28724279795,DUO771780,511487678,HH2871604,797
798,Aleksandra,Kozlowski,75708070703,FCP149335,860465570,VV0401061,798
799,Klara,Wojcik,70773172246,PPF276717,843019787,NN3258281,799
800,Alicja,Adamczyk,89214731943,LND638597,385843513,CC0200184,800
801,Maja,Nowakowski,70854688970,FGW657952,516215151,SS9494966,801
802,Jozef,Lewandowski,88931756094,QLS184308,001513134,PP3547948,802
803,Joanna,Kowalski,48613836756,YUF636460,856329337,EE6646433,803
804,Nina,Witkowski,43368791219,KMN654737,721075917,UU1181578,804
805,Halina,Michalski,44721063876,QQN358477,004083748,ZZ5053368,805
806,Jakub,Wisniewski,74912963371,YPJ342523,352405492,PP1631152,806
807,Borys,Gorski,96461210992,WBM642326,774605665,RR8939404,807
808,Krzysztof,Lewandowski,68565976572,RQF860225,193446179,TT0135713,808
809,Anastazja,Pawlak,34677493263,AVQ735613,028067767,II7892063,809
810,Magdalena,Mazur,09555338905,CRK320844,827409994,TT2595655,810
811,Feliks,Pawlowski,28790712981,LIL943296,744493105,MM7041661,811
812,Fryderyk,Jankowski,38581134561,BKE987235,099671436,YY6724001,812
813,Beata,Ostrowski,48068475780,MLP176349,720264736,KK6207696,813
814,Emil,Duda,68765356092,GHQ696868,175697709,KK9601279,814
815,Andrzej,Jablonski,50600044769,YEL423564,287672747,TT4718204,815
816,Klara,Kozlowski,92493362997,KJL027337,844593560,JJ1342312,816
817,Lukasz,Nowak,24491480678,MAB747790,975983763,DD9092175,817
818,Justyna,Sikora,24704426645,DXG434505,301294843,II1601516,818
819,Amelia,Walczak,70683172971,NUV800799,210377021,QQ4910521,819
820,Ewa,Walczak,47482564964,AIP170892,870761477,MM0043498,820
821,Magdalena,Szymanski,84747757033,HEA206236,638912296,II0329752,821
822,Jakub,Lewandowski,87191899903,CUH302951,490693332,QQ6100549,822
823,Aleksandra,Jaworski,96659147310,GVG404513,729690523,LL4583864,823
824,Justyna,Walczak,39502461554,VAH368223,578221181,BB6313599,824
825,Kacper,Marciniak,92308354940,BCL169835,278237561,BB8139260,825
826,Bartek,Marciniak,00068452954,PUO872883,149192560,UU7683425,826
827,Beata,Szewczyk,74775326888,JNR117208,715486823,VV5805834,827
828,Antoni,Witkowski,43041691988,PKJ277946,960676734,II7307142,828
829,Borys,Majewski,14872439976,MDY361746,084289769,NN6753695,829
830,Lukasz,Marciniak,43135422742,SNS228205,956352107,BB5604823,830
831,Kamila,Stepien,96774548528,KLQ814533,543576758,SS1191317,831
832,Nina,Pietrzak,85877955213,IZA566305,491272628,VV6989327,832
833,Mateusz,Grabowski,68915638323,EXS943701,887447138,OO0903331,833
834,Agata,Wozniak,78757511256,KWU754223,102850679,HH2618419,834
835,Antoni,Majewski,50442804665,JRA947012,158306764,YY6305473,835
836,Fabian,Zajac,93421976148,YDL671037,454926321,WW8500384,836
837,Jozef,Wrobel,81520148582,IAI691582,878350777,UU7828055,837
838,Franciszek,Jablonski,57216286307,CLT179782,699610936,FF7567127,838
839,Antoni,Grabowski,69945134501,OBZ911543,913931733,XX7588261,839
840,Igor,Michalski,13919687872,NQJ441702,581123236,WW3899051,840
841,Magdalena,Jablonski,77092527576,GUG156635,865535671,NN5714205,841
842,Cezary,Kaczmarek,84260243608,YUG585005,069243753,NN5431086,842
843,Fryderyk,Grabowski,03397920661,CQK637747,975316981,VV3339118,843
844,Michal,Mazur,37591633325,CXH257664,019277578,TT2396961,844
845,Maria,Duda,70717831321,NFP728981,609256919,VV9167228,845
846,Krzysztof,Ostrowski,94036240319,VGN920921,887218636,II4802704,846
847,Borys,Kowalski,14209717027,RKJ425166,185503930,OO4094038,847
848,Julia,Rutkowski,14694324473,DCG005768,996837739,KK4963298,848
849,Joanna,Jablonski,44717056037,AWD131027,883919642,KK0327428,849
850,Anastazja,Ostrowski,59720880003,XSL664618,482227311,SS2620241,850
851,Alan,Wojciechowski,64599511187,FRP305766,528891655,CC3207953,851
852,Dominik,Wisniewski,28525597411,LHZ229596,649017542,AA1918040,852
853,Grzegorz,Wozniak,21464152321,BER919744,298889900,UU2478893,853
854,Lukasz,Zajac,48360926023,WOF815656,256522878,PP8053278,854
855,Jakub,Witkowski,79517471105,WCF533214,737823123,UU4935005,855
856,Natalia,Tomaszewski,00536312924,JRM141676,906058587,BB9889810,856
857,Emil,Adamczyk,11564430488,ODN242953,211133778,MM5973906,857
858,Adam,Wrobel,63791517611,ISQ559605,253476345,FF7399478,858
859,Cecylia,Baran,11632812746,QTX711502,788567406,QQ6819400,859
860,Cezary,Krol,33059992736,CIA701951,026613792,FF3397009,860
861,Nina,Kaminski,88914132999,HLS760387,267303165,KK8406061,861
862,Bartek,Baran,45617582808,LWN362143,064153900,WW2545163,862
863,Mateusz,Kowalski,56121167476,TYG274443,888817883,CC4485364,863
864,Amelia,Wojcik,43596919136,ZLF560772,556354289,LL4134545,864
865,Nina,Marciniak,21485161828,ITF176049,537292319,EE8658164,865
866,Jakub,Szymanski,00637705222,NYP849447,039081157,XX8459739,866
867,Grzegorz,Michalak,83392149259,JKG327746,658412904,HH2704901,867
868,Joanna,Nowak,74511108535,KGB618459,443494297,CC3148318,868
869,Fabian,Wozniak,45315314669,WNH558616,311861391,MM6146956,869
870,Kacper,Olszewski,84425086802,WQZ544525,873888574,JJ5923232,870
871,Krzysztof,Kowalski,84033442774,MNW686538,607917193,WW1356031,871
872,Agata,Kozlowski,48400310205,WVZ191322,936758208,II8711545,872
873,Amelia,Pawlowski,82376088438,ITF477341,708692601,SS1554951,873
874,Lukasz,Marciniak,62119127314,HAJ148811,852795781,UU3511076,874
875,Klara,Lewandowski,94671457026,RII236605,308371270,II4743596,875
876,Cecylia,Wisniewski,29587907847,KBY320739,019296571,YY8061430,876
877,Alicja,Marciniak,17411340225,UEX580144,034156027,AA1134151,877
878,Magdalena,Walczak,39798045475,KLS486059,226144417,HH3289582,878
879,Dominik,Zajac,79650334561,AHD607068,654820345,II0971300,879
880,Nadia,Baran,04908722904,SWZ599908,093483033,UU8336061,880
881,Cecylia,Jablonski,56602201048,LOM989681,970448066,OO8256277,881
882,Michal,Zajac,27964637794,MOJ578254,109592296,CC2675769,882
883,Cezary,Szewczyk,22340932050,WCM175758,024322210,YY7482810,883
884,Alicja,Rutkowski,38609663848,PKR625330,572546636,UU8392645,884
885,Kamila,Kaczmarek,03473662461,BYK494413,308490566,OO1696941,885
886,Kamila,Tomaszewski,29886944091,ACF434860,773774857,NN2695263,886
887,Jan,Wojciechowski,64893811136,MWN428045,102487481,OO3402325,887
888,Franciszek,Nowak,07550169699,VWA133336,205935253,GG7765524,888
889,Mateusz,Gorski,32523426738,QWO317100,079086860,RR1193262,889
890,Marek,Malinowski,65822665779,YVF975397,021170757,WW4638650,890
891,Maria,Wrobel,17810920969,OJY066543,475169129,RR5536101,891
892,Izabela,Nowak,42380688914,QFK057400,066478971,OO7229522,892
893,Feliks,Adamczyk,48444091333,KQA638784,738987834,VV1661064,893
894,Joanna,Sikora,37608314293,GLO014992,446031477,NN1941981,894
895,Feliks,Sikora,68574034578,EBQ032789,485122898,LL4640852,895
896,Ewa,Michalak,27474031832,WAZ246394,308320555,CC5301488,896
897,Kacper,Wojcik,13739388837,TDD144850,883830313,BB7325251,897
898,Kacper,Majewski,21075595210,ZRT535732,533458662,YY1404088,898
899,Borys,Tomaszewski,09321386160,DJN432511,966804213,LL6449705,899
900,Marta,Stepien,12658561262,IUO156157,930726728,JJ3829418,900
901,Kamila,Jaworski,06524109131,BLQ345326,087490249,GG5759890,901
902,Magdalena,Adamczyk,41387105636,CIX181601,520877844,QQ7414429,902
903,Jakub,Jablonski,77775645793,WCA333401,659583471,AA4768276,903
904,Adam,Wojciechowski,27006741621,MOY100619,974631800,DD6421792,904
905,Nina,Jankowski,67179282886,VKM938363,342398772,CC9798651,905
906,Bartek,Gorski,49470868217,PNG008601,272257596,BB0681039,906
907,Julia,Piotrowski,32604307597,BKK202226,359459194,VV1325043,907
908,Nina,Michalak,95947668809,PFG372402,985831372,RR9233719,908
909,Maria,Malinowski,29537328024,DLI137307,617170306,FF3212735,909
910,Magdalena,Zajac,85963337478,VYT880221,932621528,WW4375044,910
911,Beata,Wrobel,55863501803,FDQ645341,290762898,NN5988457,911
912,Kinga,Kwiatkowski,02429128988,AAN234195,677504398,II6179088,912
913,Izabela,Mazur,66472840054,QUE859150,608222469,EE7363204,913
914,Kacper,Pawlowski,21560621942,MTM561921,279525197,SS9284042,914
915,Karol,Kozlowski,57618130428,CLH098119,124512422,II1304288,915
916,Nadia,Jaworski,33906462173,RYF884114,609216526,AA4955875,916
917,Franciszek,Michalak,88672494574,FFD498467,564101932,PP1102200,917
918,Alicja,Majewski,58893081389,KUF665621,356358797,PP2502154,918
919,Klara,Jablonski,97169363393,AMQ551632,738011919,JJ0250746,919
920,Cecylia,Kaminski,30827636039,RRM710651,099842892,NN6663712,920
921,Kinga,Adamczyk,22448380392,OHW037288,434348138,VV9177620,921
922,Izabela,Krawczyk,44501380602,JDV852798,821237303,ZZ2182408,922
923,Dominik,Szymanski,04355875880,DLU040456,884368447,EE4320028,923
924,Lucja,Kozlowski,04728687310,VDV688899,486432492,XX1438051,924
925,Mateusz,Jaworski,11004031774,JDU688106,352005431,II3115854,925
926,Halina,Kaminski,05166487998,RAJ852000,395180841,HH4306549,926
927,Agata,Walczak,26576673478,FNI656721,945446997,AA4301184,927
928,Justyna,Pawlak,85673235485,QIK312961,843122616,SS1366601,928
929,Lukasz,Pawlak,91984713011,LBC502591,678625434,FF8458832,929
930,Jozef,Kaczmarek,39017333033,WNB189471,216761140,II3251129,930
931,Mateusz,Zajac,58893904986,EGA678999,683736447,HH8199251,931
932,Borys,Nowakowski,13353477307,FPO739980,893871214,DD4242068,932
933,Amelia,Mazur,27861439269,NNF889555,661515021,II7239941,933
934,Antoni,Wisniewski,72716514268,AEU598660,347973622,UU3742758,934
935,Alicja,Wojciechowski,67455575780,HOP628474,688110275,QQ5348675,935
936,Adam,Jablonski,12090416374,IPK969593,521405610,BB9322426,936
937,Nikodem,Duda,79972938708,XDG722719,525683280,PP7194297,937
938,Aleksandra,Marciniak,40107931574,MNK487447,486771994,OO6325887,938
939,Julia,Ostrowski,17547099757,EZL985764,734600235,VV0238664,939
940,Fryderyk,Wozniak,72593436843,ETF428023,743037153,WW3561940,940
941,Lukasz,Jaworski,91727685677,UBW145501,189336151,GG8809164,941
942,Cecylia,Wisniewski,85663763173,ILM758719,626145994,QQ9792280,942
943,Beata,Nowakowski,35823646351,MKA607577,799211075,TT9049565,943
944,Lucja,Pawlak,20064282619,XQA336583,768970607,FF0969928,944
945,Jakub,Dudek,23180293915,EXM458479,450673646,JJ0094961,945
946,Marek,Michalski,72988487924,JBC639444,330124681,UU7145350,946
947,Maria,Michalak,69243517965,CKF420949,396820897,MM3225412,947
948,Krzysztof,Michalski,70679836690,VLC743658,204388035,OO1419367,948
949,Beata,Wojciechowski,43403243724,JHK377197,414468471,ZZ4127788,949
950,Adam,Kaminski,31571642530,GQJ012100,093587533,CC6834443,950
951,Fabian,Rutkowski,63207223120,IHD660505,864187117,JJ6438729,951
952,Kinga,Kwiatkowski,83497941284,ODK549707,065220024,JJ1333626,952
953,Mateusz,Szymanski,65088488263,FMF250036,031803023,EE9739130,953
954,Justyna,Zielinski,05652281563,BKS619380,434645560,KK9602675,954
955,Izabela,Witkowski,20135783088,EHG395132,243421158,QQ1132033,955
956,Justyna,Adamczyk,37570505190,ELU752174,900613272,UU2948698,956
957,Izabela,Wojcik,01191562631,KJW298727,465035174,DD9338322,957
958,Igor,Olszewski,44033655053,QHM592572,701626532,GG3465277,958
959,Lucja,Malinowski,66507762933,KSW818423,290747120,KK1444499,959
960,Igor,Krawczyk,93122819163,JUL494503,186070405,DD1774081,960
961,Karol,Wrobel,43054744820,WPG096728,502455619,LL1763007,961
962,Kamila,Piotrowski,49619520065,EUS476902,543522887,YY6816201,962
963,Julia,Sikora,44661505452,UDO941764,665269273,RR1216495,963
964,Marek,Michalski,21370462496,RYG358420,868929888,RR7730027,964
965,Kamila,Wojciechowski,63674489830,TMG908205,791160479,YY0066485,965
966,Dominik,Kozlowski,34710659754,EWK391483,721103324,CC5339581,966
967,Lukasz,Stepien,50102837515,FYM137628,000572119,PP5895673,967
968,Cezary,Kaczmarek,84324903334,OZG510236,663942186,SS8432134,968
969,Feliks,Kowalski,72538050666,DQZ047272,540121170,SS7316993,969
970,Alicja,Szymanski,62878872227,KWD176319,478919389,DD3073218,970
971,Kacper,Kowalczyk,61341148454,MJT579499,248229716,II7402577,971
972,Aleksandra,Pawlowski,60528735847,RIQ115574,521850243,RR7808285,972
973,Alan,Witkowski,28643522255,PAQ061740,940658278,BB4327374,973
974,Igor,Jablonski,15216896121,LQD873688,873542625,TT2350542,974
975,Natalia,Olszewski,65876451039,ZTW665275,696218340,MM2767691,975
976,Alan,Tomaszewski,86327645735,ODT060380,460214082,TT9532343,976
977,Joanna,Mazur,99639264984,FRZ442426,343699227,LL3549138,977
978,Grzegorz,Michalak,80722675314,LUZ719327,877713522,LL6991039,978
979,Aleksandra,Szewczyk,66329014959,ZBO327059,674312253,QQ5212370,979
980,Lukasz,Zielinski,52896075369,YEQ705616,535237483,II8418387,980
981,Franciszek,Tomaszewski,03537955290,TPJ860460,873037845,RR9653789,981
982,Nina,Pawlak,01982344440,CSP235781,231553461,UU6482242,982
983,Ewa,Majewski,90569237373,YBW353781,469767896,MM3840343,983
984,Krzysztof,Nowakowski,13641292446,OGJ614448,688739460,SS4259339,984
985,Lucja,Gorski,56817764369,TUF571936,473871759,HH1317852,985
986,Andrzej,Michalski,37585934200,IQA833934,622747314,JJ5582655,986
987,Fabian,Adamczyk,69632633107,ERN511059,433420856,RR8562398,987
988,Klara,Grabowski,07746616610,XNV428705,946014211,LL6526182,988
989,Alicja,Dudek,35833188293,JYM013466,884813025,VV8060999,989
990,Jan,Mazur,92031107053,HYD682468,813827323,JJ0809677,990
991,Igor,Duda,06710557221,HIM438743,658316959,TT1396769,991
992,Marta,Majewski,95045497030,ICQ186751,234294502,PP7105762,992
993,Jakub,Pietrzak,73368117345,XDE083209,270634615,PP8658978,993
994,Lukasz,Wieczorek,76031170493,JOA014009,286751913,YY2228716,994
995,Justyna,Nowicki,83122941247,UKL787952,969453276,DD5639582,995
996,Natalia,Wozniak,28668404327,XXU248448,351013537,NN0991639,996
997,Igor,Kwiatkowski,66218006300,RQH867517,153417187,YY8962460,997
998,Alicja,Wojciechowski,25405239163,CMA505145,406730986,DD3803888,998
999,Klara,Majewski,61828835587,XXX606323,511106681,BB8847238,999
1000,Agata,Michalak,91359276969,LSK555707,636791301,HH4958464,1000
