QM40882,1
GJ52825,2
OQ22996,3
SX35547,4
GC19194,5
VG83365,6
TZ12771,7
FZ00677,8
YK24718,9
VA14483,10
AH48227,11
NJ04391,12
IQ21566,13
CI05423,14
CF15169,15
HI59238,16
MQ48885,17
QA45266,18
YF90757,19
RB70433,20
AJ47750,21
JR31942,22
ES34304,23
EL21211,24
ML90753,25
IW46725,26
IR99727,27
VN91314,28
BA68573,29
PU54891,30
XP09449,31
ZW03594,32
IP69312,33
AW64098,34
IR62051,35
TU92476,36
IO04822,37
LN34923,38
NB49725,39
JB25433,40
AZ16710,41
GN93839,42
UR66843,43
JS59794,44
CT54928,45
LT69938,46
UH75759,47
PJ64363,48
EG06825,49
SK24947,50
RC80992,51
VO60248,52
HP87799,53
SJ27379,54
WA02624,55
LL12046,56
KK40556,57
RO38454,58
QY02766,59
KY15874,60
SY87085,61
UV38448,62
MZ11276,63
YG04375,64
VE65588,65
LG12247,66
DP97671,67
PO45772,68
NH95385,69
IJ97758,70
PC23808,71
CJ03779,72
MJ08550,73
DL76576,74
VZ07934,75
ZZ21473,76
AX04225,77
KH80689,78
BO93431,79
PP91047,80
FR11443,81
LZ91763,82
GP98751,83
KH95204,84
AT86436,85
CM49210,86
QV03523,87
VU37225,88
RZ75214,89
GE53340,90
UR35990,91
UL48055,92
LM36428,93
OA38354,94
DJ00641,95
RT57039,96
LX16437,97
WH60111,98
JV52698,99
TE43572,100
XG01802,101
JJ02267,102
FA11252,103
KB07713,104
GP90373,105
FX92548,106
SI14350,107
XQ97197,108
NG07544,109
EV64896,110
ZT35787,111
AS52517,112
RO24398,113
FV18275,114
RF86334,115
LG80311,116
HQ81122,117
AS91230,118
EL57224,119
KF58434,120
WH87404,121
RP40025,122
MU16667,123
XR45939,124
ET47240,125
JC53450,126
HL31294,127
ZF85690,128
OG31650,129
YX15832,130
CA82911,131
FS98285,132
AT20944,133
IR85408,134
SU27736,135
HM90232,136
FD57101,137
EY61730,138
HO29141,139
EI99486,140
PB51486,141
YP28959,142
ZK79948,143
UR44696,144
CO04606,145
BO76716,146
LN85405,147
KG64628,148
UQ61632,149
UO81205,150
IX05899,151
DH54578,152
FJ40331,153
KR79725,154
PB03569,155
ZZ15117,156
FB43234,157
HQ51615,158
BA89976,159
UV09714,160
SS70736,161
BF19788,162
RO98860,163
HT35861,164
OG52476,165
ND47195,166
UW96082,167
OQ81333,168
BV33173,169
UW68088,170
MG35783,171
TA32900,172
IR63611,173
EM84900,174
XA19382,175
LY58021,176
OV49994,177
AP32019,178
SR20221,179
VK49120,180
NA39548,181
IC33796,182
RM14755,183
IV06148,184
YG75587,185
TG52926,186
YT41395,187
MX27200,188
NZ20996,189
OO11375,190
QD73301,191
AO12487,192
YB35726,193
QR50720,194
HN24056,195
PN53277,196
RG02927,197
JH12409,198
MR11633,199
TB42272,200
PQ02544,201
EB09758,202
QV37308,203
HT44424,204
RI84753,205
ME90579,206
QC52484,207
KQ93022,208
WV54677,209
UA16278,210
OZ85836,211
XR82415,212
UM77105,213
RB91138,214
VH64006,215
DW93811,216
PP69453,217
SC41160,218
EZ23194,219
BU01564,220
NL38115,221
CA65566,222
HY24661,223
MC47854,224
HP43453,225
HJ38372,226
MI26871,227
QM18154,228
RL64812,229
NN75634,230
ZI46494,231
WS58904,232
RA15907,233
AC01278,234
VF25037,235
IQ72469,236
OE63005,237
JX68408,238
MM14988,239
TR45607,240
GX95098,241
TP80875,242
CR70460,243
MY63732,244
GK53836,245
AC26398,246
TG19784,247
AS24968,248
QD56493,249
TB84138,250
YJ05458,251
MY43502,252
FL54226,253
FG79982,254
HD50936,255
IM90748,256
VX90244,257
FR13382,258
KS81357,259
LN62566,260
RL70136,261
LP87601,262
CF10509,263
YQ90723,264
TB72177,265
FO02519,266
CZ41164,267
YM89899,268
OP98431,269
UQ54931,270
AL40478,271
CG92689,272
VT86491,273
AI00027,274
NH50901,275
FH16930,276
TH55760,277
UF08678,278
DV02523,279
YA06809,280
FT52136,281
GM53491,282
PS32496,283
XW82751,284
QC72048,285
ZI22804,286
AH15180,287
DC54564,288
NF70158,289
BH27573,290
EL42343,291
TX12852,292
VD87366,293
UF60066,294
KX28500,295
FP13896,296
QS55027,297
CJ51554,298
IY10138,299
MC10495,300
HO07034,301
OD83335,302
RK09434,303
BA46247,304
NF86862,305
IP08314,306
KV88311,307
WZ70371,308
XD38768,309
VH85701,310
DZ36539,311
JZ74508,312
KL18084,313
UT82336,314
OZ03256,315
FI52710,316
IA69980,317
GD34905,318
VL60083,319
RV36052,320
RW73897,321
HF42449,322
KQ49174,323
EP10971,324
OS90634,325
IM71489,326
XL23291,327
NA22952,328
SH39288,329
XA58715,330
YS99915,331
ZW56020,332
OS83503,333
HJ39427,334
XB40034,335
JJ45625,336
BM09545,337
UI72436,338
SX63453,339
FF60768,340
TG01823,341
QA49200,342
EN88052,343
RA88146,344
HX04942,345
SW36667,346
BR68132,347
DN20165,348
HL35654,349
MP10199,350
FE80633,351
AX11331,352
FS62792,353
QJ54758,354
VR65370,355
XA01847,356
BO54791,357
WG17239,358
WR13400,359
ZT56201,360
AP42390,361
JJ20604,362
ZN25702,363
ZH13430,364
FX39365,365
XS73017,366
LF73799,367
FF40808,368
VQ85966,369
LN22152,370
VJ76801,371
FI20364,372
ZD72146,373
KF42583,374
VM36188,375
DA45222,376
PY74753,377
ZU80130,378
VC46446,379
LA19454,380
JU80475,381
GF43226,382
ZM71698,383
JF60787,384
JX16850,385
PB72015,386
GL07618,387
CG42353,388
OB62940,389
TO25246,390
SC68654,391
ZJ26120,392
YM65384,393
RE67247,394
IQ47609,395
IL58792,396
AP40129,397
CB46661,398
VV90636,399
NF87001,400
QR28652,401
LS37874,402
TH39402,403
OJ82303,404
HI29163,405
HC50128,406
IG21061,407
SG46718,408
GW93999,409
FN82590,410
FU46874,411
JN44252,412
UW37532,413
JP69612,414
SR50886,415
KK14283,416
RM61728,417
WV90693,418
ER37014,419
DJ85221,420
FL15750,421
VQ44276,422
WX93389,423
KE56514,424
DG18089,425
QX80769,426
SY15569,427
CJ04589,428
LM36162,429
YS26360,430
AT27601,431
RB53586,432
KW07475,433
OD07092,434
SG90432,435
IT71809,436
TV90589,437
EU77526,438
HY08212,439
GB26482,440
IP57367,441
CY11253,442
KK52402,443
MX82560,444
AJ64888,445
KM47229,446
ZF20338,447
FV68442,448
AD67851,449
HY41804,450
MX41037,451
RJ52678,452
PG94212,453
NL38312,454
NE51800,455
GD47493,456
NG47420,457
CY11971,458
WU73688,459
ZH18835,460
WD53867,461
PV28368,462
IS62067,463
LS11216,464
MD57150,465
ZR58623,466
BH58592,467
LP55823,468
SZ54884,469
FE82027,470
LR97965,471
NT86133,472
ZY35781,473
JI49203,474
XF17378,475
GA81619,476
XV55182,477
VK22900,478
DZ43816,479
XH39124,480
US69106,481
SU04654,482
WG18725,483
IH29403,484
JP98023,485
YT30233,486
WF84447,487
XR11533,488
KA29160,489
FR96224,490
QS58527,491
WO61723,492
SG83864,493
PQ49739,494
SV13614,495
IL52809,496
MV14963,497
LC02524,498
EJ08852,499
CM69182,500
YR81028,501
TP39410,502
WN85724,503
EL29733,504
FL83630,505
HL58529,506
ZE98763,507
LX16583,508
VE19075,509
YK49990,510
GL70662,511
MO08876,512
UU79224,513
FO95506,514
FX58974,515
GZ74610,516
LF82452,517
GV34801,518
WD73545,519
EG47638,520
YK50306,521
GK29801,522
LS95308,523
IX38319,524
FF14478,525
GH92606,526
ZW07966,527
JF03352,528
TE76002,529
UO75205,530
FM38782,531
UF69213,532
BF99016,533
NU36879,534
HH46379,535
XG60444,536
MZ77832,537
ZU02885,538
NV97389,539
RE79953,540
HM61722,541
GW17863,542
JN78840,543
OD73742,544
VT23409,545
QB56272,546
ZJ45792,547
FR54070,548
KS46957,549
QR86354,550
MX99966,551
RG59904,552
BT30493,553
IL36927,554
GM32530,555
VE14224,556
TD58102,557
WP36629,558
EH39087,559
YL71198,560
BY11710,561
FT67336,562
QQ03498,563
HG55154,564
UF19087,565
XV89780,566
HT67016,567
WJ63688,568
KS58060,569
JF87370,570
HY00457,571
XG48865,572
VU72026,573
SL82145,574
QK53970,575
YY21479,576
FZ00762,577
FH94930,578
FU25188,579
GN95263,580
KK84343,581
NM44176,582
TI74712,583
KS00395,584
GF52728,585
KD80339,586
QP92787,587
LS90055,588
NS69539,589
MY03226,590
OP80417,591
FW25529,592
SO40452,593
NN06871,594
HG50167,595
FK75756,596
XN98423,597
RT64558,598
BT57737,599
PJ19090,600
SA70815,601
ID70922,602
OV30592,603
QO40696,604
ZL95766,605
EF07221,606
QI97648,607
ER39844,608
IT20676,609
AS24902,610
NK39662,611
QW10710,612
JB86723,613
TY18317,614
DJ07150,615
CC99847,616
PO17618,617
YQ76656,618
IJ52397,619
UF05544,620
FV93586,621
TB90026,622
ZH70478,623
UZ70046,624
CK50180,625
GC01822,626
VH73243,627
DG25672,628
MR42870,629
GK75265,630
GC56534,631
BN45959,632
NM21790,633
LO69903,634
OS82580,635
JP94629,636
NZ71534,637
RL28337,638
HO31394,639
FF82857,640
CQ61358,641
ZH60993,642
YC47278,643
HQ55972,644
ZK79962,645
XW06680,646
JE69428,647
AV96352,648
NL45373,649
GO74539,650
PE20004,651
TX57052,652
YC20158,653
KI89995,654
ST24725,655
YJ43196,656
DH35646,657
HO28298,658
ON39215,659
ZL42840,660
NO55413,661
LW12361,662
DA38890,663
RW68943,664
ZM54772,665
WG75848,666
AJ47729,667
RO11258,668
PG27471,669
SB97205,670
XZ94389,671
NB55465,672
XK14171,673
QZ77533,674
XT98213,675
RI22025,676
CW75355,677
BK74732,678
ST48707,679
CE12054,680
EG72036,681
YR29132,682
AI95840,683
YT83405,684
RP08410,685
JM08476,686
BI10428,687
XO76903,688
VP59575,689
LO68280,690
DZ55614,691
LG59205,692
KR14634,693
HP77748,694
VN92649,695
RT59620,696
DK63878,697
ID49671,698
QU37860,699
RL60020,700
HZ72782,701
AH82684,702
KN15907,703
MG82443,704
FN60280,705
DU53292,706
XF97127,707
WQ52100,708
KJ96221,709
GC24523,710
BZ81586,711
KY81955,712
XK98336,713
MF61319,714
JO68099,715
RL51012,716
SJ51446,717
LJ11749,718
DJ48848,719
TF60113,720
IO08411,721
QY50344,722
BK43250,723
QM11031,724
MU65882,725
RP87407,726
KH60259,727
PJ27674,728
PT60259,729
XP27133,730
VH36250,731
WD63341,732
PG15998,733
JR83882,734
RD95492,735
TB74161,736
SH29142,737
CH68028,738
LD25522,739
ND58318,740
RL65063,741
NI03881,742
JN00591,743
KY42397,744
AF11482,745
OW26907,746
VY69779,747
RN19152,748
IC09023,749
OR36378,750
SN34250,751
NB82278,752
ZB77589,753
KA58628,754
AW61557,755
UU64727,756
WF96691,757
HO46725,758
JT08266,759
NE91704,760
LU14501,761
BM71310,762
KQ54443,763
JK32572,764
QP64414,765
PB44282,766
CU08548,767
QQ43141,768
FQ81646,769
SA38267,770
NS56644,771
XQ20231,772
OG49672,773
WO55269,774
HF40858,775
AR15084,776
VX02115,777
TE52534,778
RS72299,779
FR37142,780
NZ83747,781
YG79570,782
FW63452,783
OT01703,784
CQ02322,785
SQ02983,786
KM12911,787
NE05941,788
AF53849,789
RU53712,790
PW28182,791
MR38294,792
XP55815,793
XU01012,794
ZW97254,795
ZZ80498,796
QH99025,797
FP69932,798
NT24933,799
GF42812,800
EI58065,801
YV91500,802
QW66537,803
OU36870,804
RL42855,805
MV73471,806
QE86145,807
XK21841,808
RZ52342,809
SM59444,810
GK50055,811
XE03884,812
CG26237,813
NL12341,814
XK11568,815
CW98376,816
JX41171,817
TY31127,818
PR39038,819
OZ61052,820
ZI31356,821
QP49934,822
RT65225,823
LF13006,824
IQ90132,825
PI51410,826
RS75307,827
AK49365,828
GK02356,829
IJ26400,830
GG80929,831
VN49257,832
BH02913,833
YW05386,834
PY35499,835
YW55444,836
HC20730,837
QC56963,838
MX02402,839
MK83377,840
AF29868,841
SC47796,842
FR40373,843
DE86032,844
HP92213,845
MW78161,846
SG54419,847
PV13403,848
SI89191,849
MU88302,850
ZV25263,851
KQ15521,852
BA21366,853
BN34331,854
GA31471,855
SB34131,856
EL44909,857
VQ82742,858
GF18170,859
CK28008,860
SA40573,861
DW23545,862
CJ33604,863
PY73449,864
AL42887,865
DH09190,866
BD05426,867
BZ03423,868
TT94348,869
EL13104,870
IU85029,871
HB09035,872
VO85971,873
BK01376,874
JY45481,875
SU31957,876
NB93162,877
DW09387,878
EL85866,879
FP81837,880
BA94030,881
MG15983,882
FD65377,883
JI62472,884
YY57862,885
BX20180,886
RN11292,887
ZQ66988,888
AA26545,889
NW47930,890
RL70171,891
KA04898,892
RU96749,893
CI97561,894
NB75650,895
ZV35443,896
TW81556,897
YE47754,898
FT98213,899
XM77206,900
VX74062,901
UL01904,902
SU43078,903
YK67207,904
YU60024,905
CH75105,906
LI93367,907
OG59804,908
BQ92273,909
AU32446,910
MK69231,911
OM92115,912
YG41027,913
RC91876,914
KS99004,915
BW10802,916
OL53695,917
ML60616,918
TP52496,919
MZ48391,920
TK96779,921
UC38651,922
CW41850,923
CM08793,924
FP19303,925
WX20630,926
FR89664,927
DT08615,928
YI23093,929
LQ80432,930
MU75946,931
RX82201,932
VR34049,933
JS82281,934
IY35338,935
VG08101,936
WX15442,937
UL44317,938
AN45573,939
RB20260,940
OM93522,941
MC72656,942
YV50555,943
WT73857,944
FK60310,945
JS46999,946
II17993,947
IF44930,948
NU41732,949
WL63751,950
FT53118,951
TP87385,952
BU85132,953
NC78599,954
WP84477,955
EN97130,956
HR20508,957
LV94749,958
QD42836,959
HE99081,960
HK50197,961
XH65725,962
FF65055,963
OB95987,964
UL01574,965
GC97676,966
BW52865,967
JK88358,968
RO83836,969
DU67152,970
ZR74623,971
NO43447,972
LK56774,973
CM05327,974
TP79868,975
VU50199,976
KY05382,977
XD34811,978
CV12168,979
II00123,980
JB34289,981
VF73551,982
YZ24950,983
LS14548,984
EC36084,985
CG85154,986
QR00098,987
HT87176,988
FC70292,989
GC81316,990
FY54247,991
SA96210,992
DT85699,993
GE74057,994
XJ73298,995
QP35681,996
XL39830,997
IN07570,998
KQ98207,999
NL84083,1000
